player_name,first_name,last_name,age,birth_date,birth_country,nationality,height_cm,weight_kg,team_name,position,is_captain,appearances,starting_lineups,minutes_played,goals,assists,shots_saves,pass_accuracy,yellow_cards,red_cards,yellow_red_cards,penalty_won,penalty_committed,penalty_scored,penalty_missed,penalty_saved
Javi Montero,Francisco Javier,Montero Rubio,25,1999-01-14,Spain,Spain,0,0,besiktas,Defender,False,0,0,0,0,0,0,0.0,0,0,0,0,0,0,0,0
Luan Peres,Luan,Peres Petroni,30,1994-07-19,Brazil,Brazil,0,0,fenerbahce,Defender,False,0,0,0,0,0,0,0.0,0,0,0,0,0,0,0,0
Carlos Vinícius,Carlos Vinícius,Alves Morais,29,1995-03-25,Brazil,Brazil,0,0,galatasaray,Attacker,False,7,1,107,1,0,0,2.0,2,0,0,0,0,0,0,0
G. Nkoudou,Georges-Kévin,Nkoudou Mbida,28,1995-02-13,France,Cameroon,0,0,besiktas,Midfielder,False,0,0,0,0,0,0,0.0,0,0,0,0,0,0,0,0
S. Aurier,Sèrge Alain Stéphane,Aurier,32,1992-12-24,Côte d'Ivoire,Côte d'Ivoire,0,0,galatasaray,Defender,False,0,0,0,0,0,0,0.0,0,0,0,0,0,0,0,0
D. Sánchez,Davinson,Sánchez Mina,28,1996-06-12,Colombia,Colombia,0,0,galatasaray,Defender,False,16,15,1367,2,0,0,52.0,3,0,0,0,0,0,0,0
M. Icardi,Mauro Emanuel,Icardi Rivero,31,1993-02-19,Argentina,Argentina,0,0,galatasaray,Attacker,False,27,24,2232,18,7,0,11.0,2,0,0,0,0,6,1,0
Angeliño,José Ángel,Esmoris Tasende,27,1997-01-04,Spain,Spain,0,0,galatasaray,Defender,False,8,7,605,0,1,0,27.0,1,0,0,0,0,0,0,0
T. Meunier,Thomas André A.,Meunier,33,1991-09-12,Belgium,Belgium,0,0,trabzonspor,Defender,False,8,8,716,0,3,0,43.0,2,0,0,0,0,0,0,0
D. Mertens,Dries,Mertens,37,1987-05-06,Belgium,Belgium,0,0,galatasaray,Attacker,False,29,24,1904,5,9,0,19.0,2,0,0,0,0,1,0,0
B. Stambouli,Benjamin Fernand Lucien,François Stambouli,34,1990-08-13,France,France,0,0,adana demirspor,Midfielder,False,20,17,1383,1,0,0,23.0,2,0,1,0,0,0,0,0
H. Wright,Haji Amir,Wright,25,1998-03-27,USA,USA,0,0,antalyaspor,Attacker,False,0,0,0,0,0,0,0.0,0,0,0,0,0,0,0,0
F. Muslera,Néstor Fernando,Muslera Micol,38,1986-06-16,Argentina,Uruguay,0,0,galatasaray,Goalkeeper,False,30,30,2670,0,0,71,23.0,4,0,0,0,0,0,0,2
B. Şen,Batuhan Ahmet,Şen,25,1999-02-03,Türkiye,Türkiye,0,0,gazisehir gaziantep,Goalkeeper,False,4,4,360,0,0,11,13.0,0,0,0,0,0,0,0,2
E. Taşdemir,Emre,Taşdemir,29,1995-08-08,Türkiye,Türkiye,0,0,pendikspor,Defender,False,9,3,317,0,0,0,10.0,0,0,0,0,0,0,0,0
Y. Belhanda,Younès,Belhanda,34,1990-02-25,France,Morocco,0,0,adana demirspor,Midfielder,False,14,14,1080,3,0,0,23.0,4,0,0,0,0,0,0,0
R. Donk,Ryan Henk,Donk,37,1986-03-30,Netherlands,Suriname,0,0,kasimpasa,Defender,False,0,0,0,0,0,0,0.0,0,0,0,0,0,0,0,0
S. Féghouli,Sofiane,Féghouli,35,1989-12-26,France,Algeria,0,0,fatih karagumruk,Midfielder,False,22,16,1342,0,1,0,31.0,4,0,0,0,0,0,0,0
B. Ndiaye,Papa Alioune,Ndiaye,34,1990-10-27,Senegal,Senegal,0,0,pendikspor,Midfielder,False,6,6,526,0,0,0,29.0,1,0,0,0,0,0,0,0
C. Yüksel,Celil,Yüksel,25,1998-01-01,Türkiye,Türkiye,0,0,samsunspor,Midfielder,False,0,0,0,0,0,0,0.0,0,0,0,0,0,0,0,0
H. Onyekuru,Henry Chukwuemeka,Onyekuru,27,1997-06-05,Nigeria,Nigeria,0,0,adana demirspor,Attacker,False,0,0,0,0,0,0,0.0,0,0,0,0,0,0,0,0
S. Gümüş,Sinan,Gümüş,30,1994-01-15,Germany,Germany,0,0,antalyaspor,Attacker,False,0,0,0,0,0,0,0.0,0,0,0,0,0,0,0,0
A. Kol,Ali Yavuz,Kol,22,2001-01-29,Türkiye,Türkiye,0,0,adana demirspor,Attacker,False,0,0,0,0,0,0,0.0,0,0,0,0,0,0,0,0
H. Ziyech,Hakim,Ziyech,31,1993-03-19,Netherlands,Morocco,0,0,galatasaray,Midfielder,False,12,7,638,2,2,0,19.0,3,0,0,0,0,0,0,0
D. Tadić,Dušan,Tadić,36,1988-11-20,Yugoslavia,Serbia,0,0,fenerbahce,Attacker,False,31,30,2589,9,11,0,25.0,3,0,0,0,0,6,3,0
A. Bakasetas,Anastasios,Bakasetas,31,1993-06-28,Greece,Greece,0,0,trabzonspor,Midfielder,False,18,14,1410,4,2,0,35.0,3,0,0,0,0,1,0,0
T. Ndombélé,Tanguy,Ndombélé Alvaro,28,1996-12-28,France,France,0,0,galatasaray,Midfielder,False,18,4,449,0,1,0,14.0,0,0,0,0,0,0,0,0
Tetê,Mateus,Cardoso Lemos Martins,24,2000-02-15,Brazil,Brazil,0,0,galatasaray,Attacker,False,28,12,1040,0,3,0,14.0,1,0,0,0,0,0,0,0
K. Demirbay,Kerem,Demirbay,31,1993-07-03,Germany,Germany,0,0,galatasaray,Midfielder,False,28,21,1736,5,2,0,31.0,2,0,0,0,0,1,0,0
C. Ünder,Cengiz,Ünder,27,1997-07-14,Türkiye,Türkiye,0,0,fenerbahce,Attacker,False,21,13,887,9,2,0,11.0,3,0,0,0,0,0,0,0
E. Džeko,Edin,Džeko,38,1986-03-17,Bosnia and Herzegovina,Bosnia and Herzegovina,0,0,fenerbahce,Attacker,False,30,30,2420,19,3,0,17.0,3,0,0,0,0,1,1,0
Rodrigo Becão,Rodrigo,Nascimento França,28,1996-01-19,Brazil,Brazil,0,0,fenerbahce,Defender,False,10,10,798,0,0,0,47.0,3,0,0,0,0,0,0,0
L. Bonucci,Leonardo,Bonucci,37,1987-05-01,Italy,Italy,0,0,fenerbahce,Defender,False,5,1,162,0,1,0,21.0,0,0,0,0,0,0,0,0
E. Bailly,Eric Bertrand,Bailly,30,1994-04-12,Côte d'Ivoire,Côte d'Ivoire,0,0,besiktas,Defender,False,5,5,337,0,0,0,36.0,0,0,0,0,0,0,0,0
Fred,Frederico,Rodrigues de Paula Santos,31,1993-03-05,Brazil,Brazil,0,0,fenerbahce,Midfielder,False,18,17,1423,2,3,0,39.0,3,1,0,0,0,0,0,0
M. Ozdoev,Magomed,Ozdoev,31,1992-11-05,Russia,Russia,0,0,fatih karagumruk,Midfielder,False,0,0,0,0,0,0,0.0,0,0,0,0,0,0,0,0
S. Deli,Simon Désiré Sylvanus,Deli,33,1991-10-27,Côte d'Ivoire,Côte d'Ivoire,0,0,i̇stanbulspor,Defender,False,22,20,1775,0,0,0,35.0,6,0,0,0,0,0,0,0
D. Livaković,Dominik,Livaković,29,1995-01-09,Croatia,Croatia,0,0,fenerbahce,Goalkeeper,False,27,27,2430,0,0,47,17.0,0,0,0,0,0,0,0,2
M. Gavranović,Mario,Gavranović,34,1989-11-24,Switzerland,Switzerland,0,0,kayserispor,Attacker,False,0,0,0,0,0,0,0.0,0,0,0,0,0,0,0,0
E. Ersu,Erten,Ersu,30,1994-04-21,Türkiye,Türkiye,0,0,gazisehir gaziantep,Goalkeeper,False,0,0,0,0,0,0,0.0,0,0,0,0,0,0,0,0
S. Aziz,Serdar,Aziz,34,1990-10-23,Türkiye,Türkiye,0,0,fenerbahce,Defender,False,11,10,800,0,2,0,43.0,1,0,0,0,0,0,0,0
Ş. Özbayraklı,Şener,Özbayraklı,33,1990-01-23,Türkiye,Türkiye,0,0,istanbul basaksehir,Defender,False,2,2,128,0,0,0,31.0,0,0,0,0,0,0,0,0
M. Çapkan,Mahsun,Çapkan,24,1999-10-08,Türkiye,Türkiye,0,0,rizespor,Midfielder,False,0,0,0,0,0,0,0.0,0,0,0,0,0,0,0,0
F. Kadıoğlu,Ferdi Erenay,Kadıoğlu,25,1999-10-07,Netherlands,Türkiye,0,0,fenerbahce,Midfielder,False,30,30,2698,1,3,0,45.0,3,0,0,0,0,0,0,0
M. Zajc,Miha,Zajc,30,1994-07-01,Slovenia,Slovenia,0,0,fenerbahce,Midfielder,False,9,4,465,0,0,0,32.0,0,0,0,0,0,0,0,0
O. Vranješ,Ognjen,Vranješ,34,1989-10-24,Bosnia and Herzegovina,Bosnia and Herzegovina,0,0,hatayspor,Defender,False,0,0,0,0,0,0,0.0,0,0,0,0,0,0,0,0
L. Torreira,Lucas Sebastián,Torreira di Pascua,28,1996-02-11,Uruguay,Uruguay,0,0,galatasaray,Midfielder,False,28,28,2403,1,1,0,52.0,6,0,0,0,0,0,0,0
A. Diaby,Abdoulay,Diaby,33,1991-05-21,France,Mali,0,0,pendikspor,Attacker,False,22,9,923,2,0,0,10.0,2,0,0,0,0,0,0,0
A. Bertolacci,Andrea,Bertolacci,33,1991-01-11,Italy,Italy,0,0,fatih karagumruk,Midfielder,False,12,7,618,0,0,0,31.0,2,0,0,0,0,0,0,0
M. Müldür,Mert,Müldür,25,1999-04-03,Austria,Türkiye,0,0,fenerbahce,Defender,False,22,11,1027,1,4,0,19.0,3,0,0,0,0,0,0,0
S. Grahovac,Srđan,Grahovac,31,1992-09-19,Bosnia and Herzegovina,Bosnia and Herzegovina,0,0,rizespor,Midfielder,False,0,0,0,0,0,0,0.0,0,0,0,0,0,0,0,0
A. Badji,Aliou,Badji,27,1997-10-10,Senegal,Senegal,0,0,gazisehir gaziantep,Attacker,False,8,1,206,0,0,0,4.0,1,0,0,0,0,0,0,0
R. Kent,Ryan,Kent,28,1996-11-11,England,England,0,0,fenerbahce,Attacker,False,8,1,138,0,0,0,8.0,0,0,0,0,0,0,0,0
Fernando,Fernando Lucas,Martins,31,1992-03-03,Brazil,Brazil,0,0,antalyaspor,Midfielder,False,0,0,0,0,0,0,0.0,0,0,0,0,0,0,0,0
E. Kaya,Erdoğan,Kaya,22,2001-03-27,Türkiye,Türkiye,0,0,besiktas,Defender,False,0,0,0,0,0,0,0.0,0,0,0,0,0,0,0,0
E. Seçgin,Erdem,Seçgin,23,2000-01-05,Türkiye,Türkiye,0,0,i̇stanbulspor,Midfielder,False,0,0,0,0,0,0,0.0,0,0,0,0,0,0,0,0
G. Töre,Gökhan,Töre,32,1992-01-20,Germany,Türkiye,0,0,konyaspor,Attacker,False,3,0,45,0,0,0,6.0,0,0,0,0,0,0,0,0
O. Akgün,Oğuzhan,Akgün,23,2001-07-13,Türkiye,Türkiye,0,0,besiktas,Attacker,False,0,0,0,0,0,0,0.0,0,0,0,0,0,0,0,0
A. Ljajić,Adem Bojan,Ljajić,33,1991-09-29,Serbia,Serbia,0,0,fatih karagumruk,Midfielder,False,2,1,83,0,0,0,7.0,0,0,0,0,0,0,0,0
G. Yalçın,Güven,Yalçın,25,1999-01-18,Germany,Türkiye,0,0,fatih karagumruk,Attacker,False,26,22,1884,6,4,0,15.0,5,0,0,0,0,0,0,0
S. Bateau,Sheldon Michael Louis,Bateau,32,1991-01-29,Trinidad and Tobago,Trinidad and Tobago,0,0,samsunspor,Defender,False,0,0,0,0,0,0,0.0,0,0,0,0,0,0,0,0
D. Nelik,Doğukan,Nelik,23,2000-12-05,Türkiye,Türkiye,0,0,antalyaspor,Defender,False,0,0,0,0,0,0,0.0,0,0,0,0,0,0,0,0
S. Boey,Sacha,Boey,24,2000-09-13,France,France,0,0,galatasaray,Defender,False,19,19,1710,1,0,0,37.0,4,0,0,0,0,0,0,0
M. Niang,M'Baye Babacar,Niang,30,1994-12-19,France,Senegal,0,0,adana demirspor,Attacker,False,16,13,994,8,1,0,7.0,2,0,0,0,0,4,0,0
D. Pelkas,Dimitris,Pelkas,31,1993-10-26,Greece,Greece,0,0,istanbul basaksehir,Midfielder,False,18,12,962,3,2,0,15.0,5,0,0,0,0,0,0,0
Sérgio Oliveira,Sérgio Miguel,Relvas Gonçalves Pereira de Ol,32,1992-06-02,Portugal,Portugal,0,0,galatasaray,Midfielder,False,11,5,470,1,0,0,23.0,3,0,0,0,0,0,0,0
S. Córdova,Sergio Duvan,Córdova Lezama,27,1997-08-09,Venezuela,Venezuela,0,0,alanyaspor,Attacker,False,18,11,1012,3,0,0,7.0,1,0,0,0,0,0,0,0
Ó. Romero,Óscar David,Romero Villamayor,32,1992-07-04,Paraguay,Paraguay,0,0,pendikspor,Midfielder,False,12,7,684,3,0,0,23.0,1,0,0,0,0,3,1,0
M. Gómez,Maximiliano,Gómez González,28,1996-08-14,Uruguay,Uruguay,0,0,trabzonspor,Attacker,False,1,0,15,0,0,0,1.0,0,0,0,0,0,0,0,0
A. Musa,Ahmed,Musa,32,1992-10-14,Nigeria,Nigeria,0,0,sivasspor,Attacker,False,2,1,73,0,0,0,6.0,0,0,0,0,0,0,0,0
F. Calvo,Francisco Javier,Calvo Quesada,32,1992-07-08,Costa Rica,Costa Rica,0,0,konyaspor,Defender,False,17,16,1450,0,0,0,44.0,4,0,0,0,0,0,0,0
M. Batshuayi,Michy,Batshuayi-Atunga,31,1993-10-02,Belgium,Belgium,0,0,fenerbahce,Attacker,False,21,1,429,9,1,0,5.0,3,0,0,0,0,3,1,0
C. Bakambu,Cédric,Bakambu,33,1991-04-11,France,Congo DR,0,0,galatasaray,Attacker,False,10,1,185,1,0,0,4.0,1,0,0,0,0,0,0,0
Z. Ferhat,Zinedine,Ferhat,31,1993-03-01,Algeria,Algeria,0,0,alanyaspor,Midfielder,False,0,0,0,0,0,0,0.0,0,0,0,0,0,0,0,0
M. Gradel,Max-Alain,Gradel,37,1987-11-30,Côte d'Ivoire,Côte d'Ivoire,0,0,sivasspor,Midfielder,False,0,0,0,0,0,0,0.0,0,0,0,0,0,0,0,0
W. Zaha,Dazet Wilfried,Armel Zaha,32,1992-11-10,Côte d'Ivoire,Côte d'Ivoire,0,0,galatasaray,Attacker,False,26,13,1398,9,3,0,15.0,2,0,0,0,0,0,0,0
D. Lamkel Zé,Didier,Lamkel Zé,28,1996-09-17,Cameroon,Cameroon,0,0,hatayspor,Attacker,False,15,9,945,3,2,0,16.0,3,0,0,0,0,0,1,0
V. Ethemi,Valon,Ethemi,27,1997-10-03,North Macedonia,North Macedonia,0,0,konyaspor,Attacker,False,9,4,418,1,1,0,10.0,2,0,0,0,0,0,0,0
E. Rroca,Eduart,Rroca,31,1993-07-28,Albania,Albania,0,0,i̇stanbulspor,Midfielder,False,16,9,742,1,1,0,23.0,4,0,0,0,0,0,0,0
E. Muçi,Ernest,Muçi,23,2001-03-19,Albania,Albania,0,0,besiktas,Attacker,False,7,7,598,2,0,0,23.0,1,0,0,0,0,0,0,0
H. Ghacha,Houssam Eddine,Ghacha,28,1995-10-25,Algeria,Algeria,0,0,antalyaspor,Attacker,False,0,0,0,0,0,0,0.0,0,0,0,0,0,0,0,0
N. Khacef,Mohamed Naoufel,Khacef,27,1997-10-27,Algeria,Algeria,0,0,gazisehir gaziantep,Defender,False,3,3,270,0,0,0,27.0,1,0,0,0,0,0,0,0
Jackson,Jackson Kenio,Santos Laurentino,25,1999-04-24,Brazil,Brazil,0,0,i̇stanbulspor,Attacker,False,30,22,1691,1,3,0,18.0,2,0,0,0,0,1,0,0
E. Eze,Emeka Friday,Eze,28,1996-09-26,Nigeria,Nigeria,0,0,pendikspor,Attacker,False,5,2,121,0,0,0,4.0,0,0,0,0,0,0,0,0
A. Lusamba,Arnaud René,Lusamba,27,1997-01-04,France,Congo DR,0,0,pendikspor,Midfielder,False,21,17,1487,0,3,0,27.0,4,0,1,0,0,0,0,0
S. Guri,Sindrit,Guri,30,1993-10-23,Albania,Albania,0,0,i̇stanbulspor,Attacker,False,0,0,0,0,0,0,0.0,0,0,0,0,0,0,0,0
M. Tirpan,Mickaël Sylvain,Tirpan,31,1993-10-23,Belgium,Belgium,0,0,samsunspor,Defender,False,7,7,569,0,0,0,25.0,4,0,0,0,0,0,0,0
A. Touba,Ahmed,Touba,26,1998-03-13,France,Algeria,0,0,istanbul basaksehir,Defender,False,1,1,57,0,0,0,24.0,0,0,0,0,0,0,0,0
D. Graovac,Daniel,Graovac,30,1993-08-08,Bosnia and Herzegovina,Bosnia and Herzegovina,0,0,kasimpasa,Defender,False,0,0,0,0,0,0,0.0,0,0,0,0,0,0,0,0
Eduardo Bauermann,Eduardo Gabriel,dos Santos Bauermann,27,1996-02-13,Brazil,Brazil,0,0,alanyaspor,Defender,False,0,0,0,0,0,0,0.0,0,0,0,0,0,0,0,0
Gustavo Henrique,Gustavo Henrique,Vernes,31,1993-03-24,Brazil,Brazil,0,0,fenerbahce,Defender,False,0,0,0,0,0,0,0.0,0,0,0,0,0,0,0,0
Flávio,Flávio,Medeiros da Silva,27,1996-02-10,Brazil,Brazil,0,0,trabzonspor,Midfielder,False,0,0,0,0,0,0,0.0,0,0,0,0,0,0,0,0
Willian Arão,Willian,Souza Arão da Silva,32,1992-03-12,Brazil,Brazil,0,0,fenerbahce,Midfielder,False,0,0,0,0,0,0,0.0,0,0,0,0,0,0,0,0
Lincoln,Lincoln Henrique,Oliveira dos Santos,26,1998-11-07,Brazil,Brazil,0,0,fenerbahce,Midfielder,False,0,0,0,0,0,0,0.0,0,0,0,0,0,0,0,0
Janio Bikel,Janio,Bikel Figueiredo da Silva,29,1995-06-28,Guinea-Bissau,Guinea-Bissau,0,0,gazisehir gaziantep,Midfielder,False,12,4,433,0,0,0,11.0,3,0,0,0,0,0,0,0
M. Dituro,Matías Ezequiel,Dituro Curto,37,1987-05-08,Argentina,Argentina,0,0,fatih karagumruk,Goalkeeper,False,11,11,990,0,0,25,25.0,1,0,0,0,0,0,0,1
Marcão,Marcos Vinicius,Amaral Alves,30,1994-06-17,Brazil,Brazil,0,0,fatih karagumruk,Attacker,False,4,2,153,1,0,0,6.0,0,0,0,0,0,0,0,0
R. Murić,Robert,Murić,28,1996-03-12,Croatia,Croatia,0,0,konyaspor,Midfielder,False,16,8,685,2,0,0,9.0,0,0,0,0,0,0,0,0
T. Teklić,Tonio,Teklić,25,1999-09-09,Croatia,Croatia,0,0,fatih karagumruk,Attacker,False,6,3,238,0,0,0,11.0,1,0,0,0,0,0,0,0
F. Miya,Farouk,Miya,26,1997-11-26,Uganda,Uganda,0,0,rizespor,Midfielder,False,0,0,0,0,0,0,0.0,0,0,0,0,0,0,0,0
C. Ndiaye,Pape Cherif,Ndiaye,28,1996-01-23,Senegal,Senegal,0,0,adana demirspor,Attacker,False,2,2,167,1,1,0,10.0,1,0,0,0,0,0,0,0
A. Hasić,Ajdin,Hasić,23,2001-10-07,Bosnia and Herzegovina,Bosnia and Herzegovina,0,0,besiktas,Attacker,False,0,0,0,0,0,0,0.0,0,0,0,0,0,0,0,0
S. Lobzhanidze,Saba,Lobzhanidze,29,1994-12-18,Georgia,Georgia,0,0,hatayspor,Midfielder,False,0,0,0,0,0,0,0.0,0,0,0,0,0,0,0,0
V. Nelsson,Victor Enok,Nelsson,26,1998-10-14,Denmark,Denmark,0,0,galatasaray,Defender,False,26,23,2071,2,0,0,43.0,3,0,0,0,0,0,0,0
M. Schneiderlin,Morgan Fernand Gérard,Schneiderlin,34,1989-11-08,France,France,0,0,konyaspor,Midfielder,False,0,0,0,0,0,0,0.0,0,0,0,0,0,0,0,0
Ç. Söyüncü,Çağlar,Söyüncü,28,1996-05-23,Türkiye,Türkiye,0,0,fenerbahce,Defender,False,6,5,450,0,0,0,36.0,1,0,0,0,0,0,0,0
A. Masuaku,Fuka-Arthur,Masuaku Kawela,31,1993-11-07,France,Congo DR,0,0,besiktas,Defender,False,14,12,1134,0,0,0,38.0,4,0,0,0,0,0,0,0
J. King,Joshua Christian,Kojo King,32,1992-01-15,Norway,Norway,0,0,fenerbahce,Attacker,False,12,1,230,1,1,0,6.0,2,0,0,0,0,0,0,0
K. Harris,Kadeem Raymond,Mathurin-Harris,31,1993-06-08,England,England,0,0,samsunspor,Midfielder,False,0,0,0,0,0,0,0.0,0,0,0,0,0,0,0,0
L. Marković,Lazar,Marković,30,1994-03-02,Serbia,Serbia,0,0,gazisehir gaziantep,Midfielder,False,27,15,1306,2,4,0,13.0,5,0,0,0,0,0,0,0
D. Duhaney,Demeaco,D'Vaughn Duhaney,26,1998-10-13,England,England,0,0,i̇stanbulspor,Defender,False,22,21,1834,1,0,0,25.0,4,0,0,0,0,0,0,0
F. Hadergjonaj,Florent,Hadergjonaj,30,1994-07-31,Switzerland,Kosovo,0,0,kasimpasa,Defender,False,0,0,0,0,0,0,0.0,0,0,0,0,0,0,0,0
B. Osayi-Samuel,Bright,Osayi-Samuel,27,1997-12-31,Nigeria,Nigeria,0,0,fenerbahce,Defender,False,16,15,1260,3,1,0,24.0,8,0,0,0,0,0,0,0
M. Barrow,Modou,Secka Barrow,32,1992-10-13,Gambia,Gambia,0,0,sivasspor,Midfielder,False,16,11,979,1,0,0,10.0,0,0,0,0,0,0,0,0
Nélson Oliveira,Nélson Miguel,Castro Oliveira,33,1991-08-08,Portugal,Portugal,0,0,konyaspor,Attacker,False,15,4,454,0,1,0,5.0,2,0,0,0,0,0,0,0
E. Öztümer,Erhun Aksel,Öztümer,32,1991-05-29,England,England,0,0,adana demirspor,Midfielder,False,0,0,0,0,0,0,0.0,0,0,0,0,0,0,0,0
M. Guel,Moussa,Guel,24,1999-06-23,Côte d'Ivoire,Côte d'Ivoire,0,0,samsunspor,Attacker,False,0,0,0,0,0,0,0.0,0,0,0,0,0,0,0,0
M. Chouiar,Mounir,Chouiar,24,1999-01-23,France,France,0,0,istanbul basaksehir,Midfielder,False,0,0,0,0,0,0,0.0,0,0,0,0,0,0,0,0
S. M&apos;Bakata,Salem,M'Bakata,26,1998-04-19,Congo DR,France,0,0,gazisehir gaziantep,Defender,False,22,16,1408,0,0,0,14.0,4,0,0,0,0,0,0,0
Edgar Ié,Edgar,Miguel Ié,30,1994-05-01,Guinea-Bissau,Guinea-Bissau,0,0,istanbul basaksehir,Defender,False,2,2,180,0,0,0,70.0,0,0,0,0,0,0,0,0
E. Kwateng,Enock,Kwateng,27,1997-04-09,France,France,0,0,ankaragucu,Defender,False,0,0,0,0,0,0,0.0,0,0,0,0,0,0,0,0
V. Eysseric,Valentin,Eysseric,32,1992-03-25,France,France,0,0,kasimpasa,Midfielder,False,0,0,0,0,0,0,0.0,0,0,0,0,0,0,0,0
I. Gomis,Iron,Gomis,25,1999-11-09,France,France,0,0,kasimpasa,Midfielder,False,21,13,1111,1,4,0,12.0,4,0,0,0,0,0,0,0
P. Djilobodji,El Hadji Papy Mison,Djilobodji,36,1988-12-01,Senegal,Senegal,0,0,gazisehir gaziantep,Defender,False,28,28,2468,1,1,0,30.0,4,1,0,0,0,0,0,0
L. Phiri,Lebogang Lelani,Phiri,30,1994-11-09,South Africa,South Africa,0,0,rizespor,Midfielder,False,0,0,0,0,0,0,0.0,0,0,0,0,0,0,0,0
A. Djiku,Alexander Kwabena,Baidoo Djiku,30,1994-08-09,France,Ghana,0,0,fenerbahce,Defender,False,20,18,1642,2,1,0,46.0,5,0,0,0,0,0,0,0
V. Rosier,Valentin André Henri,Rosier,28,1996-08-19,France,France,0,0,besiktas,Defender,False,12,10,906,0,1,0,34.0,3,0,0,0,0,0,0,0
R. Coly,Racine,Coly,29,1995-12-08,Senegal,Senegal,0,0,i̇stanbulspor,Defender,False,17,7,706,0,0,0,21.0,7,0,0,0,0,0,0,0
B. Moussiti-Oko,Bevic Selad,Moussiti-Oko,28,1995-01-28,Congo,Congo,0,0,ankaragucu,Attacker,False,0,0,0,0,0,0,0.0,0,0,0,0,0,0,0,0
Carlos Mané,Carlos Manuel,Cardoso Mané,30,1994-03-11,Portugal,Guinea-Bissau,0,0,kayserispor,Midfielder,False,19,7,777,2,2,0,12.0,1,0,0,0,0,0,0,0
S. Dursun,Serdar,Dursun,33,1991-10-19,Germany,Türkiye,0,0,fatih karagumruk,Attacker,False,22,6,800,3,0,0,7.0,0,0,0,0,0,1,0,0
Aias Aosman,Aias,Aosman,30,1994-10-21,Syria,Syria,0,0,pendikspor,Midfielder,False,1,1,72,0,0,0,23.0,0,0,0,0,0,0,0,0
A. Engin,Ahmet Emin,Engin,27,1996-08-09,Germany,Germany,0,0,kasimpasa,Midfielder,False,0,0,0,0,0,0,0.0,0,0,0,0,0,0,0,0
Y. Mallı,Yunus,Mallı,32,1992-02-24,Germany,Türkiye,0,0,kasimpasa,Midfielder,False,0,0,0,0,0,0,0.0,0,0,0,0,0,0,0,0
K. Ayhan,Kaan,Ayhan,30,1994-11-10,Germany,Türkiye,0,0,galatasaray,Defender,False,28,15,1526,1,1,0,27.0,3,0,0,0,0,0,0,0
G. Holtmann,Gerrit Stephan,Barba Holtmann,29,1995-03-25,Germany,Philippines,0,0,antalyaspor,Attacker,False,7,1,196,0,1,0,7.0,1,0,0,0,0,0,0,0
A. Maxim,Alexandru Iulian,Maxim,34,1990-07-08,Romania,Romania,0,0,gazisehir gaziantep,Midfielder,False,28,26,2174,2,4,0,28.0,5,0,2,0,0,2,2,0
D. Kourbelis,Dimitrios,Kourbelis,31,1993-11-02,Greece,Greece,0,0,fatih karagumruk,Midfielder,False,7,6,547,0,0,0,36.0,2,0,0,0,0,0,0,0
Thuram,Rogerio,Conceicao do Rosario,33,1991-02-01,Brazil,Brazil,0,0,pendikspor,Attacker,False,18,9,851,3,0,0,13.0,1,0,0,0,0,0,0,0
G. Beridze,Giorgi,Beridze,27,1997-05-12,Georgia,Georgia,0,0,ankaragucu,Attacker,False,1,1,46,0,0,0,9.0,0,0,0,0,0,0,0,0
A. Szalai,Attila Árpád,Szalai,25,1998-01-20,Hungary,Hungary,0,0,fenerbahce,Defender,False,0,0,0,0,0,0,0.0,0,0,0,0,0,0,0,0
F. Ceccherini,Federico,Ceccherini,32,1992-05-11,Italy,Italy,0,0,fatih karagumruk,Defender,False,22,20,1643,1,0,0,43.0,7,1,0,0,0,0,0,0
S. Sirigu,Salvatore,Sirigu,37,1987-01-12,Italy,Italy,0,0,fatih karagumruk,Goalkeeper,False,11,11,990,0,0,37,19.0,0,0,0,0,0,0,0,0
N. Nkoulou,Nicolas Julio Alexis,N'Koulou Ndoubena,34,1990-03-27,Cameroon,Cameroon,0,0,gazisehir gaziantep,Defender,False,26,26,2317,2,0,0,27.0,1,0,0,0,0,0,0,0
J. Galvão,João Pedro Geraldino,dos Santos Galvão,31,1992-03-09,Brazil,Italy,0,0,fenerbahce,Attacker,False,0,0,0,0,0,0,0.0,0,0,0,0,0,0,0,0
D. Biraschi,Davide,Biraschi,30,1994-07-02,Italy,Italy,0,0,fatih karagumruk,Defender,False,24,23,2079,0,1,0,36.0,5,0,1,0,0,0,0,0
K. Günter,Koray,Günter,30,1994-08-16,Germany,Germany,0,0,fatih karagumruk,Defender,False,4,2,188,0,0,0,23.0,2,0,0,0,0,0,0,0
S. Sturaro,Stefano,Sturaro,31,1993-03-09,Italy,Italy,0,0,fatih karagumruk,Midfielder,False,11,2,308,1,0,0,11.0,3,0,0,0,0,0,0,0
K. Lasagna,Kevin,Lasagna,32,1992-08-10,Italy,Italy,0,0,fatih karagumruk,Attacker,False,22,13,1107,2,1,0,7.0,2,0,0,0,0,0,0,0
S. Okaka,Stefano,Okaka Chuka,34,1989-08-09,Italy,Italy,0,0,istanbul basaksehir,Attacker,False,0,0,0,0,0,0,0.0,0,0,0,0,0,0,0,0
E. Viviano,Emiliano,Viviano,38,1985-12-01,Italy,Italy,0,0,fatih karagumruk,Goalkeeper,False,0,0,0,0,0,0,0.0,0,0,0,0,0,0,0,0
M. Rohdén,Marcus Christer,Rohdén,33,1991-05-11,Sweden,Sweden,0,0,fatih karagumruk,Midfielder,False,28,23,1942,4,2,0,23.0,3,0,0,0,0,0,0,0
F. Veseli,Frédéric,Veseli,32,1992-11-20,Switzerland,Albania,0,0,fatih karagumruk,Defender,False,20,16,1479,0,0,0,24.0,2,0,0,0,0,0,0,0
R. Krunić,Rade,Krunić,31,1993-10-07,Bosnia and Herzegovina,Bosnia and Herzegovina,0,0,fenerbahce,Midfielder,False,10,8,657,0,0,0,29.0,0,0,0,0,0,0,0,0
G. Rodrigues,Gerson Leal,Rodrigues Gouveia,29,1995-06-20,Portugal,Luxembourg,0,0,sivasspor,Attacker,False,13,7,668,2,0,0,12.0,2,0,0,0,0,0,0,0
C. Kazim-Richards,Colin,Kazim-Richards,37,1986-08-26,England,Türkiye,0,0,fatih karagumruk,Attacker,False,0,0,0,0,0,0,0.0,0,0,0,0,0,0,0,0
F. Midtsjø,Fredrik,Midtsjø,31,1993-08-11,Norway,Norway,0,0,pendikspor,Midfielder,False,21,19,1618,0,0,0,0.0,4,0,0,0,0,0,0,0
I. Drešević,Ibrahim,Drešević,27,1997-01-24,Sweden,Kosovo,0,0,fatih karagumruk,Defender,False,16,15,1365,0,1,0,45.0,4,0,0,0,0,0,0,0
S. Floranus,Sherel Constancio,Floranus,25,1998-08-23,Netherlands,Curaçao,0,0,antalyaspor,Defender,False,0,0,0,0,0,0,0.0,0,0,0,0,0,0,0,0
A. Özer,Aykut,Özer,30,1993-01-01,Germany,Türkiye,0,0,samsunspor,Goalkeeper,False,0,0,0,0,0,0,0.0,0,0,0,0,0,0,0,0
D. Sambissa,David Patrick,Sambissa,28,1996-01-11,France,Gabon,0,0,i̇stanbulspor,Attacker,False,18,11,1022,1,3,0,15.0,1,0,0,0,0,0,0,0
F. Loshaj,Florian,Loshaj,28,1996-08-13,Kosovo,Kosovo,0,0,i̇stanbulspor,Midfielder,False,28,28,2391,4,0,0,26.0,8,0,1,0,0,0,0,0
D. Jensen,David Raagaard,Jensen,32,1992-03-25,Denmark,Denmark,0,0,i̇stanbulspor,Goalkeeper,False,14,14,1260,0,0,46,23.0,0,0,0,0,0,0,0,1
B. Darri,Brahim,Darri,30,1994-09-14,Netherlands,Netherlands,0,0,fatih karagumruk,Attacker,False,4,0,44,0,0,0,6.0,0,0,0,0,0,0,0,0
A. van den Hurk,Anthony Edsel Johannes,van den Hurk,30,1993-01-09,Netherlands,Curaçao,0,0,rizespor,Attacker,False,0,0,0,0,0,0,0.0,0,0,0,0,0,0,0,0
L. James,Leke Samson,James,31,1992-11-01,Nigeria,Nigeria,0,0,sivasspor,Attacker,False,0,0,0,0,0,0,0.0,0,0,0,0,0,0,0,0
S. Adekugbe,Samuel Ayomide,Adekugbe,28,1995-01-16,England,Canada,0,0,hatayspor,Defender,False,0,0,0,0,0,0,0.0,0,0,0,0,0,0,0,0
K. Angielski,Karol Jerzy,Angielski,27,1996-03-20,Poland,Poland,0,0,sivasspor,Attacker,False,0,0,0,0,0,0,0.0,0,0,0,0,0,0,0,0
S. Szymański,Sebastian,Szymański,25,1999-05-10,Poland,Poland,0,0,fenerbahce,Midfielder,False,31,28,2381,9,9,0,18.0,4,0,0,0,0,0,0,0
K. Michalak,Konrad Hubert,Michalak,27,1997-09-19,Poland,Poland,0,0,konyaspor,Midfielder,False,4,2,228,0,1,0,10.0,0,0,0,0,0,0,0,0
Nuno Sequeira,Nuno Miguel,Ribeiro da Cruz Jerónimo Seque,34,1990-08-19,Portugal,Portugal,0,0,pendikspor,Defender,False,29,29,2588,1,2,0,30.0,6,0,0,0,0,0,0,0
J. Vuković,Josip,Vuković,32,1992-05-02,Croatia,Croatia,0,0,pendikspor,Midfielder,False,16,11,1075,0,0,0,26.0,5,0,0,0,0,0,0,0
Nanu,Eulânio Ângelo,Chipela Gomes,30,1994-05-17,Portugal,Guinea-Bissau,0,0,samsunspor,Defender,False,5,0,50,0,1,0,2.0,0,0,0,0,0,0,0,0
Douglas Tanque,Douglas Willian,da Silva Souza,31,1993-10-27,Brazil,Brazil,0,0,samsunspor,Attacker,False,1,0,21,0,0,0,2.0,0,0,0,0,0,0,0,0
J. Onana,Jean Emile Junior,Onana Onana,24,2000-01-08,Cameroon,Cameroon,0,0,besiktas,Midfielder,False,4,0,12,0,0,0,2.0,0,0,0,0,0,0,0,0
Miguel Crespo,Miguel,Crespo da Silva,28,1996-09-11,France,Portugal,0,0,fenerbahce,Midfielder,False,10,6,564,0,0,0,26.0,3,0,0,0,0,0,0,0
Júnior Morais,Iraneuton,Sousa Morais Júnior,38,1986-07-22,Brazil,Brazil,0,0,gazisehir gaziantep,Defender,False,15,15,1318,0,0,0,22.0,1,0,0,0,0,0,0,0
D. Drăguş,Denis Mihai,Drăguş,25,1999-07-06,Romania,Romania,0,0,gazisehir gaziantep,Attacker,False,26,26,2235,11,1,0,13.0,6,0,0,0,0,1,0,0
D. Sorescu,Deian Cristian,Sorescu,27,1997-08-29,Romania,Romania,0,0,gazisehir gaziantep,Midfielder,False,11,7,689,3,0,0,17.0,1,0,0,0,0,0,0,0
E. Papa,Enriko,Papa,30,1993-03-12,Albania,Albania,0,0,rizespor,Midfielder,False,0,0,0,0,0,0,0.0,0,0,0,0,0,0,0,0
Rúben Ribeiro,Rúben Tiago,Rodrigues Ribeiro,36,1987-08-01,Portugal,Portugal,0,0,hatayspor,Midfielder,False,0,0,0,0,0,0,0.0,0,0,0,0,0,0,0,0
U. Ikpeazu,Uche,Ikpeazu,28,1995-02-28,England,Uganda,0,0,konyaspor,Attacker,False,0,0,0,0,0,0,0.0,0,0,0,0,0,0,0,0
G. Ariyibi,Gboly,Ariyibi,28,1995-01-18,USA,USA,0,0,ankaragucu,Attacker,False,0,0,0,0,0,0,0.0,0,0,0,0,0,0,0,0
A. Đerlek,Armin,Đerlek,24,2000-07-15,Serbia,Serbia,0,0,sivasspor,Midfielder,False,0,0,0,0,0,0,0.0,0,0,0,0,0,0,0,0
I. Cofie,Isaac,Cofie,32,1991-09-20,Ghana,Ghana,0,0,sivasspor,Midfielder,False,0,0,0,0,0,0,0.0,0,0,0,0,0,0,0,0
Samu Sáiz,Samuel,Sáiz Alonso,33,1991-01-22,Spain,Spain,0,0,sivasspor,Midfielder,False,18,18,1440,5,3,0,29.0,3,0,0,0,0,0,0,0
Kévin Rodrigues,Kévin Manuel,Rodrigues,30,1994-03-05,France,Portugal,0,0,adana demirspor,Defender,False,11,11,922,0,1,0,37.0,4,1,0,0,0,0,0,0
E. Mor,Emre,Mor,27,1997-07-24,Denmark,Türkiye,0,0,fatih karagumruk,Attacker,False,7,7,554,1,0,0,17.0,2,0,0,0,0,0,0,0
Joaquín Fernández,Joaquín,Fernández Moreno,28,1996-05-31,Spain,Spain,0,0,trabzonspor,Defender,False,8,4,289,0,0,0,23.0,1,0,0,0,0,0,0,0
G. Imbula,Gilbert Gianelli,Imbula Wanga,32,1992-09-12,Belgium,Congo DR,0,0,i̇stanbulspor,Midfielder,False,4,0,60,0,0,0,13.0,0,0,0,0,0,0,0,0
F. Ulvestad,Fredrik Stensøe,Ulvestad,31,1992-06-17,Norway,Norway,0,0,sivasspor,Midfielder,False,0,0,0,0,0,0,0.0,0,0,0,0,0,0,0,0
B. Sülüngöz,Berkay,Sülüngöz,28,1996-03-22,Switzerland,Switzerland,0,0,pendikspor,Defender,False,18,14,1305,1,0,0,37.0,1,0,0,0,0,0,0,0
İ. Kahveci,İrfan Can,Kahveci,29,1995-07-15,Türkiye,Türkiye,0,0,fenerbahce,Midfielder,False,27,18,1698,10,7,0,20.0,5,0,0,0,0,0,0,0
E. Karakuş,Enes,Karakuş,22,2001-01-03,Türkiye,Türkiye,0,0,istanbul basaksehir,Attacker,False,0,0,0,0,0,0,0.0,0,0,0,0,0,0,0,0
U. Çakır,Uğurcan,Çakır,28,1996-04-05,Türkiye,Türkiye,0,0,trabzonspor,Goalkeeper,False,30,30,2700,0,0,78,22.0,3,0,0,0,0,0,0,0
C. Kablan,Muzaffer Cem,Kablan,24,2000-01-01,Türkiye,Türkiye,0,0,fatih karagumruk,Goalkeeper,False,0,0,0,0,0,0,0.0,0,0,0,0,0,0,0,0
K. Moradaoğlu,Kağan,Moradaoğlu,21,2003-01-10,Türkiye,Türkiye,0,0,trabzonspor,Goalkeeper,False,0,0,0,0,0,0,0.0,0,0,0,0,0,0,0,0
H. Türkmen,Hüseyin,Türkmen,26,1998-01-01,Türkiye,Türkiye,0,0,trabzonspor,Defender,False,4,2,139,0,0,0,9.0,0,0,0,0,0,0,0,0
C. Akpınar,Murat Cem,Akpınar,24,1999-01-24,Türkiye,Türkiye,0,0,trabzonspor,Midfielder,False,0,0,0,0,0,0,0.0,0,0,0,0,0,0,0,0
B. Aydın,Behlül,Aydın,23,2000-11-28,Türkiye,Türkiye,0,0,trabzonspor,Midfielder,False,0,0,0,0,0,0,0.0,0,0,0,0,0,0,0,0
M. Akça,Murat,Akça,34,1990-07-13,Germany,Türkiye,0,0,pendikspor,Defender,False,11,4,413,0,0,0,31.0,0,0,0,0,0,0,0,0
B. Alıcı,Barış,Alıcı,26,1997-06-24,Türkiye,Türkiye,0,0,samsunspor,Midfielder,False,0,0,0,0,0,0,0.0,0,0,0,0,0,0,0,0
A. Ildız,Ahmed,Ildız,27,1996-11-29,Austria,Türkiye,0,0,alanyaspor,Midfielder,False,0,0,0,0,0,0,0.0,0,0,0,0,0,0,0,0
Welinton,Welinton,Souza Silva,35,1989-04-10,Brazil,Brazil,0,0,pendikspor,Defender,False,20,19,1687,2,1,0,41.0,6,0,2,0,0,0,0,0
G. Tzavellas,Georgios,Tzavellas,37,1987-11-26,Greece,Greece,0,0,pendikspor,Defender,False,1,1,46,0,0,0,34.0,0,0,0,0,0,0,0,0
S. Dursun,Salih,Dursun,33,1991-07-12,Türkiye,Türkiye,0,0,fatih karagumruk,Defender,False,18,13,1215,1,0,0,30.0,4,0,0,0,0,0,0,0
N. Sangaré,Nazım,Sangaré,30,1994-05-30,Germany,Türkiye,0,0,fatih karagumruk,Defender,False,18,10,972,1,0,0,15.0,0,0,0,0,0,0,0,0
Fredy,Alfredo,Kulembe Gomes Ribeiro,34,1990-03-27,Angola,Angola,0,0,antalyaspor,Midfielder,False,3,2,142,0,0,0,15.0,0,0,0,0,0,0,0,0
S. Ay,Selim,Ay,32,1991-07-31,Türkiye,Türkiye,0,0,rizespor,Defender,False,0,0,0,0,0,0,0.0,0,0,0,0,0,0,0,0
F. Öztorun,Ferhat,Öztorun,36,1987-05-08,Türkiye,Türkiye,0,0,pendikspor,Defender,False,0,0,0,0,0,0,0.0,0,0,0,0,0,0,0,0
M. Jevtović,Marko,Jevtović,31,1993-07-24,Serbia,Serbia,0,0,gazisehir gaziantep,Midfielder,False,25,17,1528,1,0,0,18.0,4,0,0,0,0,0,0,0
M. Yatabaré,Mustapha,Yatabaré,37,1986-01-26,France,Mali,0,0,sivasspor,Attacker,False,0,0,0,0,0,0,0.0,0,0,0,0,0,0,0,0
Z. Görgen,Zafer,Görgen,24,2000-06-21,Türkiye,Türkiye,0,0,rizespor,Goalkeeper,False,0,0,0,0,0,0,0.0,1,0,0,0,0,0,0,1
K. Altınay,Koray,Altınay,32,1991-10-11,Germany,Türkiye,0,0,rizespor,Defender,False,0,0,0,0,0,0,0.0,0,0,0,0,0,0,0,0
M. Çağıran,Musa,Çağıran,32,1992-11-17,Türkiye,Türkiye,0,0,hatayspor,Midfielder,False,2,0,10,0,0,0,4.0,0,0,0,0,0,0,0,0
E. Karadağ,Eren,Karadağ,23,2000-01-01,Türkiye,Türkiye,0,0,rizespor,Midfielder,False,0,0,0,0,0,0,0.0,0,0,0,0,0,0,0,0
F. Koita,Bengali-Fodé,Koita,34,1990-10-21,France,Guinea,0,0,trabzonspor,Attacker,False,0,0,0,0,0,0,0.0,0,0,0,0,0,0,0,0
M. Yandaş,Mert Hakan,Yandaş,30,1994-08-19,Türkiye,Türkiye,0,0,fenerbahce,Midfielder,False,12,5,469,2,2,0,20.0,3,0,1,0,0,0,0,0
N. Korkmaz,Nurettin,Korkmaz,22,2002-06-27,Türkiye,Türkiye,0,0,kayserispor,Midfielder,False,0,0,0,0,0,0,0.0,0,0,0,0,0,0,0,0
E. Demir,Emre,Demir,20,2004-01-15,Türkiye,Türkiye,0,0,fenerbahce,Midfielder,False,0,0,0,0,0,0,0.0,0,0,0,0,0,0,0,0
F. Bekleviç,Furkan,Bekleviç,25,1999-01-31,Türkiye,Türkiye,0,0,fatih karagumruk,Goalkeeper,False,0,0,0,0,0,0,0.0,0,0,0,0,0,0,0,1
M. Akan,Mahmut,Akan,29,1994-07-14,Türkiye,Türkiye,0,0,ankaragucu,Defender,False,0,0,0,0,0,0,0.0,0,0,0,0,0,0,0,0
İ. Parlak,İlhan,Parlak,36,1987-01-18,Türkiye,Türkiye,0,0,kayserispor,Attacker,False,0,0,0,0,0,0,0.0,0,0,0,0,0,0,0,0
H. Akbunar,Halil,Akbunar,31,1993-11-09,Türkiye,Türkiye,0,0,pendikspor,Attacker,False,30,29,2310,4,3,0,16.0,3,1,0,0,0,0,0,0
A. Öztürk,Alpaslan,Öztürk,31,1993-07-16,Belgium,Türkiye,0,0,pendikspor,Defender,False,15,14,1229,1,0,0,36.0,5,0,0,0,0,0,0,0
I. Šehić,Ibrahim,Šehić,35,1988-09-02,Bosnia and Herzegovina,Bosnia and Herzegovina,0,0,konyaspor,Goalkeeper,False,0,0,0,0,0,0,0.0,0,0,0,0,0,0,0,0
E. Ersoy,Ertuğrul,Ersoy,27,1997-02-13,Türkiye,Türkiye,0,0,gazisehir gaziantep,Defender,False,11,11,943,0,0,0,27.0,3,0,0,0,0,0,0,0
F. Soyalp,Furkan,Soyalp,29,1995-06-12,Türkiye,Türkiye,0,0,gazisehir gaziantep,Midfielder,False,27,18,1561,1,3,0,14.0,7,0,1,0,0,0,0,0
T. Torun,Tunay,Torun,33,1990-04-21,Germany,Türkiye,0,0,kasimpasa,Midfielder,False,0,0,0,0,0,0,0.0,0,0,0,0,0,0,0,0
U. Nayir,Mehmet Umut,Nayir,31,1993-06-28,Türkiye,Türkiye,0,0,pendikspor,Attacker,False,10,10,775,3,0,0,3.0,3,0,0,0,0,0,0,0
Ryan Mendes,Ryan Isaac,Mendes da Graça,34,1990-01-08,Cape Verde,Cape Verde,0,0,fatih karagumruk,Attacker,False,18,12,1081,2,2,0,16.0,5,1,0,0,0,0,0,0
M. Thiam,Mame Baba,Thiam,32,1992-10-09,Senegal,Senegal,0,0,pendikspor,Attacker,False,11,11,971,3,2,0,16.0,1,0,0,0,0,4,0,0
Ronaldo Mendes,Ronaldo César,Mendes de Medeiros,31,1992-08-16,Brazil,Brazil,0,0,rizespor,Midfielder,False,0,0,0,0,0,0,0.0,0,0,0,0,0,0,0,0
Jamiro Monteiro,Jamiro Gregory,Monteiro Alvarenga,31,1993-11-23,Netherlands,Cape Verde,0,0,gazisehir gaziantep,Midfielder,False,7,6,453,0,2,0,21.0,2,0,0,0,0,0,0,0
D. Rossi,Diego Martín,Rossi Marachlian,25,1998-03-05,Uruguay,Uruguay,0,0,fenerbahce,Attacker,False,0,0,0,0,0,0,0.0,0,0,0,0,0,0,0,0
B. Acosta,Bryan Josué,Acosta Ramos,31,1993-11-24,Honduras,Honduras,0,0,gazisehir gaziantep,Midfielder,False,1,0,40,0,0,0,23.0,0,0,0,0,0,0,0,0
V. Bekaj,Visar,Bekaj,27,1997-05-24,Kosovo,Kosovo,0,0,hatayspor,Goalkeeper,False,3,2,221,0,0,6,19.0,2,0,0,0,0,0,0,1
M. Vorobjovas,Modestas,Vorobjovas,29,1995-12-30,Lithuania,Lithuania,0,0,i̇stanbulspor,Midfielder,False,22,18,1590,1,0,0,28.0,4,0,1,0,0,0,0,0
F. Niţă,Florin Constantin,Niţă,37,1987-07-03,Romania,Romania,0,0,gazisehir gaziantep,Goalkeeper,False,27,27,2430,0,0,93,15.0,3,0,0,0,0,0,0,2
E. Özgenç,Erdem,Özgenç,40,1984-08-22,Türkiye,Türkiye,0,0,pendikspor,Defender,False,16,12,1094,1,2,0,28.0,2,0,0,0,0,1,0,0
A. Bardakcı,Abdülkerim,Bardakcı,30,1994-09-07,Türkiye,Türkiye,0,0,galatasaray,Defender,False,21,19,1676,3,0,0,43.0,4,0,0,0,0,0,0,0
Y. Abdioğlu,Yusuf,Abdioğlu,34,1989-10-14,Türkiye,Türkiye,0,0,samsunspor,Defender,False,0,0,0,0,0,0,0.0,0,0,0,0,0,0,0,0
A. Ülgen,Ali,Ülgen,24,1999-11-10,Türkiye,Türkiye,0,0,samsunspor,Defender,False,0,0,0,0,0,0,0.0,0,0,0,0,0,0,0,0
H. Kılıç,Hasan,Kılıç,32,1992-07-27,Netherlands,Türkiye,0,0,pendikspor,Midfielder,False,1,0,29,0,0,0,13.0,0,0,0,0,0,0,0,0
E. Erentürk,Erhan,Erentürk,29,1995-05-30,Türkiye,Türkiye,0,0,sivasspor,Goalkeeper,False,0,0,0,0,0,0,0.0,0,0,0,0,0,0,0,0
H. Hatipoğlu,Hasan,Hatipoğlu,34,1989-07-19,Türkiye,Türkiye,0,0,pendikspor,Defender,False,0,0,0,0,0,0,0.0,0,0,0,0,0,0,0,0
S. Osmanoğlu,Sinan,Osmanoğlu,34,1990-01-09,Türkiye,Türkiye,0,0,rizespor,Defender,False,1,0,27,0,1,0,8.0,0,0,0,0,0,0,0,0
A. Yaşar,Ali,Yaşar,29,1995-03-08,Belgium,Belgium,0,0,i̇stanbulspor,Defender,False,27,22,1949,1,2,0,20.0,3,0,1,0,0,0,0,0
A. Özfesli,Alican,Özfesli,26,1997-01-01,Türkiye,Türkiye,0,0,istanbul basaksehir,Midfielder,False,0,0,0,0,0,0,0.0,0,0,0,0,0,0,0,0
S. Yılmaz,Sefa,Yılmaz,33,1990-02-14,Germany,Türkiye,0,0,rizespor,Midfielder,False,0,0,0,0,0,0,0.0,0,0,0,0,0,0,0,0
A. Üner,Hüseyin Atakan,Üner,24,1999-06-16,Türkiye,Türkiye,0,0,besiktas,Attacker,False,0,0,0,0,0,0,0.0,0,0,0,0,0,0,0,0
B. Bozan,Mustafa Burak,Bozan,24,2000-08-23,Türkiye,Türkiye,0,0,gazisehir gaziantep,Goalkeeper,False,0,0,0,0,0,0,0.0,0,0,0,0,0,0,0,0
G. Güvenç,Günay,Güvenç,33,1991-06-25,Germany,Türkiye,0,0,gazisehir gaziantep,Goalkeeper,False,0,0,0,0,0,0,0.0,0,0,0,0,0,0,0,0
M. Albayrak,Mucahit,Albayrak,32,1991-07-30,Türkiye,Türkiye,0,0,samsunspor,Defender,False,0,0,0,0,0,0,0.0,0,0,0,0,0,0,0,0
O. Ceylan,Oğuz,Ceylan,34,1990-12-15,Türkiye,Türkiye,0,0,rizespor,Defender,False,0,0,0,0,0,0,0.0,0,0,0,0,0,0,0,0
J. Rassoul,Joher Khadim,Rassoul,29,1995-12-31,Senegal,Senegal,0,0,pendikspor,Defender,False,13,12,1024,0,0,0,37.0,3,0,0,0,0,0,0,0
M. Türkmen,Mehmet Kaan,Türkmen,23,2000-10-25,Türkiye,Türkiye,0,0,pendikspor,Attacker,False,0,0,0,0,0,0,0.0,0,0,0,0,0,0,0,0
B. Öğür,Burak,Öğür,35,1989-09-18,Türkiye,Türkiye,0,0,pendikspor,Goalkeeper,False,3,3,270,0,0,4,22.0,1,0,0,0,0,0,0,2
T. Tekdal,Tarık,Tekdal,33,1990-11-15,Türkiye,Türkiye,0,0,pendikspor,Defender,False,0,0,0,0,0,0,0.0,0,0,0,0,0,0,0,0
E. Altıntaş,Emircan,Altıntaş,28,1995-07-15,Türkiye,Türkiye,0,0,alanyaspor,Midfielder,False,0,0,0,0,0,0,0.0,0,0,0,0,0,0,0,0
B. Bekaroğlu,Burak,Bekaroğlu,27,1997-04-16,Türkiye,Türkiye,0,0,hatayspor,Defender,False,15,12,1117,0,0,0,38.0,3,0,0,0,0,0,0,0
Y. Gültekin,Yusuf Emre,Gültekin,30,1993-03-12,Türkiye,Türkiye,0,0,samsunspor,Midfielder,False,0,0,0,0,0,0,0.0,0,0,0,0,0,0,0,0
U. Zengin,Ulaş,Zengin,27,1997-06-25,Türkiye,Türkiye,0,0,gazisehir gaziantep,Defender,False,0,0,0,0,0,0,0.0,0,0,0,0,0,0,0,0
L. Kappel,Leandro Deyrinio,Kappel,35,1989-11-14,Netherlands,Suriname,0,0,pendikspor,Attacker,False,15,1,267,1,0,0,3.0,0,0,0,0,0,0,0,0
O. Ural,Onur,Ural,26,1997-02-22,Türkiye,Türkiye,0,0,kasimpasa,Defender,False,0,0,0,0,0,0,0.0,0,0,0,0,0,0,0,0
D. Aksu,Tuncer Duhan,Aksu,27,1997-09-11,Türkiye,Türkiye,0,0,kasimpasa,Defender,False,13,8,687,0,0,0,14.0,0,0,0,0,0,0,0,0
E. Durmuş,Muhammed Enes,Durmuş,26,1997-01-08,Türkiye,Türkiye,0,0,i̇stanbulspor,Midfielder,False,0,0,0,0,0,0,0.0,0,0,0,0,0,0,0,0
E. Öztürk,Eslem,Öztürk,27,1997-12-01,Türkiye,Türkiye,0,0,i̇stanbulspor,Midfielder,False,8,1,153,0,0,0,9.0,0,0,0,0,0,0,0,0
U. Zeybek,Uygar Mert,Zeybek,29,1995-06-04,Türkiye,Türkiye,0,0,pendikspor,Midfielder,False,0,0,0,0,0,0,0.0,0,0,0,0,0,0,0,0
M. Sol,Mustafa,Sol,21,2002-06-20,Türkiye,Türkiye,0,0,i̇stanbulspor,Attacker,False,0,0,0,0,0,0,0.0,0,0,0,0,0,0,0,0
İ. Yılmaz,İbrahim,Yılmaz,30,1994-02-06,Türkiye,Türkiye,0,0,i̇stanbulspor,Attacker,False,8,6,458,2,0,0,9.0,2,0,0,0,0,0,0,0
İ. Eğribayat,İrfan Can,Eğribayat,26,1998-06-30,Türkiye,Türkiye,0,0,fenerbahce,Goalkeeper,False,3,3,270,0,0,7,20.0,2,0,0,0,0,0,0,2
G. Karačić,Goran,Karačić,28,1996-08-18,Bosnia and Herzegovina,Bosnia and Herzegovina,0,0,adana demirspor,Goalkeeper,False,0,0,0,0,0,0,0.0,0,0,0,0,0,0,0,0
F. Üzüm,Fıratcan,Üzüm,25,1999-06-04,Türkiye,Türkiye,0,0,ankaragucu,Midfielder,False,0,0,0,0,0,0,0.0,0,0,0,0,0,0,0,0
M. Yıldırım,Mehmet Feyzi,Yıldırım,27,1996-01-23,Türkiye,Türkiye,0,0,kasimpasa,Defender,False,0,0,0,0,0,0,0.0,0,0,0,0,0,0,0,0
C. Dede,Celal Emir,Dede,22,2001-05-02,Türkiye,Türkiye,0,0,rizespor,Midfielder,False,0,0,0,0,0,0,0.0,0,0,0,0,0,0,0,0
K. Bağış,Kağan Miray,Bağış,25,1998-04-10,Türkiye,Türkiye,0,0,i̇stanbulspor,Midfielder,False,0,0,0,0,0,0,0.0,0,0,0,0,0,0,0,0
O. Karakullukçu,Oltan,Karakullukçu,32,1991-07-07,Türkiye,Türkiye,0,0,pendikspor,Attacker,False,0,0,0,0,0,0,0.0,0,0,0,0,0,0,0,0
M. Eskihellaç,Mustafa,Eskihellaç,27,1997-05-05,Türkiye,Türkiye,0,0,gazisehir gaziantep,Midfielder,False,28,28,2468,1,3,0,26.0,4,0,0,0,0,0,0,0
İ. Topatar,İzzet,Topatar,23,2001-10-17,Türkiye,Türkiye,0,0,i̇stanbulspor,Midfielder,False,2,0,39,0,0,0,2.0,1,0,0,0,0,0,0,0
A. Belen,Arda,Belen,22,2001-01-14,Türkiye,Türkiye,0,0,i̇stanbulspor,Defender,False,0,0,0,0,0,0,0.0,0,0,0,0,0,0,0,0
F. Tultak,Fatih,Tultak,22,2001-02-28,Türkiye,Türkiye,0,0,i̇stanbulspor,Defender,False,0,0,0,0,0,0,0.0,0,0,0,0,0,0,0,0
E. Coşkun,Ercan,Coşkun,28,1995-04-16,Türkiye,Türkiye,0,0,rizespor,Defender,False,0,0,0,0,0,0,0.0,0,0,0,0,0,0,0,0
A. Koç,Alberk,Koç,27,1997-02-15,Türkiye,Türkiye,0,0,rizespor,Defender,False,1,0,14,0,0,0,3.0,1,0,0,0,0,0,0,0
E. Kara,Erhan,Kara,28,1995-03-01,Türkiye,Türkiye,0,0,pendikspor,Defender,False,0,0,0,0,0,0,0.0,0,0,0,0,0,0,0,0
S. Baş,Sadık,Baş,29,1994-05-11,Türkiye,Türkiye,0,0,hatayspor,Midfielder,False,0,0,0,0,0,0,0.0,0,0,0,0,0,0,0,0
G. Kaya,Gökcan,Kaya,29,1995-08-07,Denmark,Denmark,0,0,pendikspor,Midfielder,False,28,17,1574,2,2,0,16.0,2,0,0,0,0,0,0,0
B. Demircan,Bahattin Berke,Demircan,21,2002-11-25,Türkiye,Türkiye,0,0,fatih karagumruk,Attacker,False,0,0,0,0,0,0,0.0,0,0,0,0,0,0,0,0
S. Akaydın,Samet,Akaydın,30,1994-03-13,Türkiye,Türkiye,0,0,fenerbahce,Defender,False,10,6,568,0,0,0,34.0,4,0,0,0,0,0,0,0
M. Akşit,Murat,Akşit,22,2002-01-02,Türkiye,Türkiye,0,0,pendikspor,Goalkeeper,False,0,0,0,0,0,0,0.0,0,0,0,0,0,0,0,0
M. Yıldız,Murat Can,Yıldız,26,1998-08-03,Türkiye,Türkiye,0,0,kasimpasa,Goalkeeper,False,0,0,0,0,0,0,0.0,0,0,0,0,0,0,0,0
T. Şahin,Tolga,Şahin,26,1997-09-30,Türkiye,Türkiye,0,0,i̇stanbulspor,Midfielder,False,0,0,0,0,0,0,0.0,0,0,0,0,0,0,0,0
E. Gültekin,Emir Kaan,Gültekin,24,2000-10-02,Türkiye,Türkiye,0,0,i̇stanbulspor,Attacker,False,26,14,1347,4,0,0,11.0,4,0,0,0,0,0,1,0
N. Aslan,Nurullah,Aslan,26,1997-07-05,Türkiye,Türkiye,0,0,samsunspor,Goalkeeper,False,0,0,0,0,0,0,0.0,0,0,0,0,0,0,0,0
S. Asatekin,Samet,Asatekin,32,1992-02-07,Türkiye,Türkiye,0,0,pendikspor,Midfielder,False,0,0,0,0,0,0,0.0,0,0,0,0,0,0,0,0
K. Anteplioğlu,Kubilay,Anteplioğlu,31,1992-09-11,Türkiye,Türkiye,0,0,pendikspor,Goalkeeper,False,0,0,0,0,0,0,0.0,0,0,0,0,0,0,0,0
E. Satılmış,Emre,Satılmış,28,1996-10-13,Türkiye,Türkiye,0,0,sivasspor,Goalkeeper,False,0,0,0,0,0,0,0.0,0,0,0,0,0,0,0,0
S. Temel,Selimcan,Temel,23,2000-05-27,Türkiye,Türkiye,0,0,hatayspor,Midfielder,False,0,0,0,0,0,0,0.0,0,0,0,0,0,0,0,0
E. Gök,Egehan,Gök,23,2000-02-27,Türkiye,Türkiye,0,0,i̇stanbulspor,Midfielder,False,0,0,0,0,0,0,0.0,0,0,0,0,0,0,0,0
B. Yılmaz,Barış Alper,Yılmaz,24,2000-05-23,Türkiye,Türkiye,0,0,galatasaray,Attacker,False,30,21,1934,3,3,0,17.0,6,0,0,0,0,0,0,0
A. Kızıldağ,Arda,Kızıldağ,26,1998-10-15,Türkiye,Türkiye,0,0,gazisehir gaziantep,Defender,False,24,22,1979,3,0,0,27.0,3,0,0,0,0,0,0,0
İ. Karakaş,İlker,Karakaş,25,1999-01-11,Türkiye,Türkiye,0,0,gazisehir gaziantep,Attacker,False,8,0,82,0,0,0,1.0,0,0,0,0,0,0,0,0
A. Mehremić,Adi,Mehremić,31,1992-04-26,Bosnia and Herzegovina,Bosnia and Herzegovina,0,0,i̇stanbulspor,Defender,False,0,0,0,0,0,0,0.0,0,0,0,0,0,0,0,0
A. Karakaya,Ali,Karakaya,21,2002-01-01,Türkiye,Türkiye,0,0,konyaspor,Midfielder,False,0,0,0,0,0,0,0.0,0,0,0,0,0,0,0,0
M. Mamadou,Mendy,Mamadou,26,1998-10-04,Senegal,Senegal,0,0,i̇stanbulspor,Attacker,False,25,12,1185,1,3,0,9.0,0,1,0,0,0,0,0,0
B. Yıldırım,Bertuğ Özgür,Yıldırım,22,2002-07-12,Türkiye,Türkiye,0,0,hatayspor,Attacker,False,3,3,260,1,0,0,9.0,1,0,0,0,0,0,0,0
Y. Tunç,Yusuf Mert,Tunç,23,2000-09-18,Türkiye,Türkiye,0,0,i̇stanbulspor,Attacker,False,0,0,0,0,0,0,0.0,0,0,0,0,0,0,0,0
H. Yeşil,Hakan,Yeşil,21,2002-01-01,Türkiye,Türkiye,0,0,trabzonspor,Midfielder,False,0,0,0,0,0,0,0.0,0,0,0,0,0,0,0,0
J. Uzuegbunam,John Mary,Honi Uzuegbunam,31,1993-03-09,Nigeria,Cameroon,0,0,rizespor,Attacker,False,2,1,134,1,0,0,7.0,0,0,0,0,0,0,0,0
E. Çekiçi,Endri,Çekiçi,28,1996-11-23,Albania,Albania,0,0,pendikspor,Midfielder,False,20,8,703,1,1,0,12.0,4,0,0,0,0,0,0,0
G. Laura,Gaëtan Loamba,Laura,29,1995-08-06,France,Congo DR,0,0,samsunspor,Attacker,False,8,2,320,0,0,0,5.0,0,0,0,0,0,0,0,0
C. Kahraman,Cihan,Kahraman,26,1998-10-08,Germany,Türkiye,0,0,samsunspor,Midfielder,False,0,0,0,0,0,0,0.0,0,0,0,0,0,0,0,0
Y. Türk,Yusuf,Türk,26,1998-02-13,Türkiye,Türkiye,0,0,gazisehir gaziantep,Attacker,False,0,0,0,0,0,0,0.0,0,0,0,0,0,0,0,0
M. Yeşil,Mehmet,Yeşil,26,1998-05-31,Türkiye,Türkiye,0,0,i̇stanbulspor,Defender,False,29,27,2425,0,0,0,29.0,8,0,0,0,0,0,0,0
A. Tunçer,Ali Han,Tunçer,28,1995-08-22,Türkiye,Türkiye,0,0,pendikspor,Attacker,False,0,0,0,0,0,0,0.0,0,0,0,0,0,0,0,0
C. Gönen,Cenk,Gönen,35,1988-02-21,Türkiye,Türkiye,0,0,kayserispor,Goalkeeper,False,0,0,0,0,0,0,0.0,0,0,0,0,0,0,0,0
Óscar Pinchi,Óscar Francisco,García Quintela,28,1996-01-17,Spain,Spain,0,0,rizespor,Midfielder,False,13,1,220,0,0,0,6.0,2,0,0,0,0,0,0,0
O. Berber,Oğuzhan,Berber,31,1992-04-10,Türkiye,Türkiye,0,0,i̇stanbulspor,Defender,False,0,0,0,0,0,0,0.0,0,0,0,0,0,0,0,0
E. Erboğa,Mustafa Ethem,Erboğa,24,1999-01-11,Türkiye,Türkiye,0,0,kasimpasa,Attacker,False,0,0,0,0,0,0,0.0,0,0,0,0,0,0,0,0
C. Tosun,Cafer,Tosun,24,1999-11-20,Türkiye,Türkiye,0,0,i̇stanbulspor,Midfielder,False,0,0,0,0,0,0,0.0,0,0,0,0,0,0,0,0
S. Yılmaz,Sabit Hakan,Yılmaz,26,1997-07-27,Türkiye,Türkiye,0,0,i̇stanbulspor,Attacker,False,0,0,0,0,0,0,0.0,0,0,0,0,0,0,0,0
E. Kartsev,Eden,Kartsev,24,2000-04-11,Israel,Israel,0,0,istanbul basaksehir,Midfielder,False,11,6,486,0,0,0,18.0,1,0,0,0,0,0,0,0
A. Karaman,Alper,Karaman,26,1997-01-24,Türkiye,Türkiye,0,0,istanbul basaksehir,Midfielder,False,0,0,0,0,0,0,0.0,0,0,0,0,0,0,0,0
J. Topalli,Jetmir,Topalli,26,1998-02-07,Kosovo,Kosovo,0,0,i̇stanbulspor,Attacker,False,0,0,0,0,0,0,0.0,0,0,0,0,0,0,0,0
L. Diack,Lamine,Diack,23,2000-11-15,Senegal,Senegal,0,0,ankaragucu,Midfielder,False,0,0,0,0,0,0,0.0,0,0,0,0,0,0,0,0
A. Đokanović,Andrej,Đokanović,23,2001-03-01,Bosnia and Herzegovina,Bosnia and Herzegovina,0,0,ankaragucu,Midfielder,False,12,7,612,0,0,0,21.0,1,0,0,0,0,0,0,0
O. Erdoğan,Okan,Erdoğan,26,1998-09-29,Germany,Germany,0,0,i̇stanbulspor,Defender,False,25,24,2162,0,0,0,35.0,6,1,0,0,0,0,0,0
R. Baniya,Rayyan,Baniya,25,1999-02-18,Italy,Türkiye,0,0,trabzonspor,Defender,False,20,19,1616,0,0,0,32.0,3,0,0,0,0,0,0,0
S. Asan,Serkan,Asan,25,1999-04-28,Türkiye,Türkiye,0,0,pendikspor,Defender,False,21,17,1428,0,0,0,20.0,2,0,1,0,0,0,0,0
A. Diamantis,Apostolos,Diamantis,24,2000-05-20,Greece,Greece,0,0,i̇stanbulspor,Defender,False,0,0,0,0,0,0,0.0,0,0,0,0,0,0,0,0
B. Balat,Bünyamin,Balat,27,1997-01-05,Germany,Germany,0,0,adana demirspor,Midfielder,False,0,0,0,0,0,0,0.0,0,0,0,0,0,0,0,0
A. Uğur,Adnan,Uğur,23,2001-06-28,Belgium,Belgium,0,0,fatih karagumruk,Midfielder,False,11,5,434,0,0,0,9.0,1,0,0,0,0,0,0,0
L. Mercan,Münir Levent,Mercan,24,2000-12-10,Germany,Germany,0,0,fatih karagumruk,Midfielder,False,29,29,2545,1,4,0,34.0,8,0,0,0,0,0,0,0
E. Yardımcı,Erencan,Yardımcı,22,2002-02-04,Türkiye,Türkiye,0,0,pendikspor,Attacker,False,23,13,1221,6,2,0,6.0,0,0,0,0,0,0,0,0
E. Arslan,Ensar,Arslan,22,2001-08-01,Germany,Germany,0,0,samsunspor,Attacker,False,0,0,0,0,0,0,0.0,0,0,0,0,0,0,0,0
D. Köhn,Derrick Arthur,Köhn,25,1999-02-04,Germany,Germany,0,0,galatasaray,Defender,False,6,6,540,1,0,0,21.0,1,0,0,0,0,0,0,0
D. Kök,Deniz,Kök,23,2000-03-12,Türkiye,Türkiye,0,0,alanyaspor,Goalkeeper,False,0,0,0,0,0,0,0.0,0,0,0,0,0,0,0,0
O. Koç,Ozan İsmail,Koç,23,2001-01-06,Türkiye,Türkiye,0,0,rizespor,Midfielder,False,0,0,0,0,0,0,0.0,0,0,0,0,0,0,0,0
B. Kör,Batuhan,Kör,23,2001-03-09,Türkiye,Türkiye,0,0,trabzonspor,Attacker,False,0,0,0,0,0,0,0.0,0,0,0,0,0,0,0,0
A. Çaylak,Alperen Mehmet,Çaylak,23,2000-05-08,Türkiye,Türkiye,0,0,i̇stanbulspor,Defender,False,0,0,0,0,0,0,0.0,0,0,0,0,0,0,0,0
D. Aydın,Abdullah Dıjlan,Aydın,23,2000-06-16,Türkiye,Türkiye,0,0,i̇stanbulspor,Midfielder,False,0,0,0,0,0,0,0.0,0,0,0,0,0,0,0,0
B. Nızam,Berk Ali,Nızam,23,2000-04-23,Türkiye,Türkiye,0,0,i̇stanbulspor,Midfielder,False,0,0,0,0,0,0,0.0,0,0,0,0,0,0,0,0
C. Keles,Can,Keles,23,2001-09-02,Austria,Austria,0,0,fatih karagumruk,Attacker,False,28,21,1780,3,3,0,12.0,3,0,0,0,0,0,0,0
H. Yurtseven,Hasan,Yurtseven,23,2001-03-19,Türkiye,Türkiye,0,0,gazisehir gaziantep,Midfielder,False,0,0,0,0,0,0,0.0,0,0,0,0,0,0,0,0
V. Ünal,Veysel Karani,Ünal,22,2001-07-03,Türkiye,Türkiye,0,0,alanyaspor,Attacker,False,0,0,0,0,0,0,0.0,0,0,0,0,0,0,0,0
K. Kalafat,Kerem,Kalafat,22,2001-03-09,Türkiye,Türkiye,0,0,besiktas,Defender,False,0,0,0,0,0,0,0.0,0,0,0,0,0,0,0,0
E. Eyibil,Erkan,Eyibil,23,2001-06-15,Germany,Türkiye,0,0,antalyaspor,Midfielder,False,0,0,0,0,0,0,0.0,0,0,0,0,0,0,0,0
K. Keita,Abdul Kader,Keita,24,2000-11-06,France,Côte d'Ivoire,0,0,sivasspor,Midfielder,False,7,0,65,0,0,0,9.0,0,0,0,0,0,0,0,0
K. Köylü,Kubilay,Köylü,25,1999-05-04,Netherlands,Netherlands,0,0,i̇stanbulspor,Attacker,False,5,0,25,0,1,0,3.0,0,0,0,0,0,0,0,0
E. Keskin,Enes,Keskin,23,2001-06-04,Türkiye,Türkiye,0,0,pendikspor,Midfielder,False,0,0,0,0,0,0,0.0,0,0,0,0,0,0,0,0
N. Yardımcı,Nafican,Yardımcı,22,2001-03-21,Türkiye,Türkiye,0,0,konyaspor,Defender,False,0,0,0,0,0,0,0.0,0,0,0,0,0,0,0,0
Y. Yitmez,Halil Yiğit,Yitmez,23,2000-01-14,Türkiye,Türkiye,0,0,i̇stanbulspor,Goalkeeper,False,0,0,0,0,0,0,0.0,0,0,0,0,0,0,0,0
E. Tatlı,Efe,Tatlı,22,2002-07-29,Türkiye,Türkiye,0,0,fatih karagumruk,Midfielder,False,0,0,0,0,0,0,0.0,0,0,0,0,0,0,0,0
A. Emek,Abdurrahman,Emek,22,2001-01-01,Türkiye,Türkiye,0,0,i̇stanbulspor,Defender,False,0,0,0,0,0,0,0.0,0,0,0,0,0,0,0,0
M. Ba,Mahamadou,Ba,25,1999-09-21,Mali,Mali,0,0,adana demirspor,Midfielder,False,0,0,0,0,0,0,0.0,0,0,0,0,0,0,0,0
T. Tepe,Muhammet Taha,Tepe,23,2001-01-01,Türkiye,Türkiye,0,0,trabzonspor,Goalkeeper,False,2,2,180,0,0,7,19.0,0,0,0,0,0,0,0,0
O. Oruç,Ozan Can,Oruç,23,2000-05-26,Türkiye,Türkiye,0,0,konyaspor,Goalkeeper,False,0,0,0,0,0,0,0.0,0,0,0,0,0,0,0,0
G. Bitin,Görkem,Bitin,26,1998-06-22,Türkiye,Türkiye,0,0,pendikspor,Attacker,False,10,1,321,0,0,0,6.0,1,0,0,0,0,0,0,0
Ö. Artan,Ömürcan,Artan,25,1999-07-27,Türkiye,Türkiye,0,0,gazisehir gaziantep,Defender,False,3,2,168,0,0,0,8.0,0,0,0,0,0,0,0,0
B. Öksüz,Burak,Öksüz,28,1996-01-25,Türkiye,Türkiye,0,0,hatayspor,Defender,False,0,0,0,0,0,0,0.0,0,0,0,0,0,0,0,0
F. Güneş,Furkan Fehmi,Güneş,24,1999-07-04,Türkiye,Türkiye,0,0,samsunspor,Midfielder,False,0,0,0,0,0,0,0.0,0,0,0,0,0,0,0,0
K. Aktürkoğlu,Muhammed Kerem,Aktürkoğlu,26,1998-10-21,Türkiye,Türkiye,0,0,galatasaray,Attacker,False,30,27,2271,11,5,0,16.0,4,0,1,0,0,2,1,0
B. Taşkın,Berk,Taşkın,26,1997-11-28,Türkiye,Türkiye,0,0,samsunspor,Defender,False,0,0,0,0,0,0,0.0,0,0,0,0,0,0,0,0
O. Özçiçek,Ogün,Özçiçek,25,1999-01-24,Türkiye,Türkiye,0,0,gazisehir gaziantep,Midfielder,False,22,18,1623,2,1,0,24.0,6,0,0,0,0,0,0,0
G. Bayrakdar,Gökdeniz,Bayrakdar,22,2001-11-23,Türkiye,Türkiye,0,0,antalyaspor,Attacker,False,0,0,0,0,0,0,0.0,0,0,0,0,0,0,0,0
A. Gülay,Ahmet,Gülay,20,2003-01-13,Türkiye,Türkiye,0,0,besiktas,Defender,False,0,0,0,0,0,0,0.0,0,0,0,0,0,0,0,0
E. Barlık,Efecan,Barlık,21,2003-01-13,Türkiye,Türkiye,0,0,istanbul basaksehir,Attacker,False,2,0,8,0,0,0,1.0,0,0,0,0,0,0,0,0
Y. Boyar,Yavuz Buğra,Boyar,26,1998-08-10,Türkiye,Türkiye,0,0,hatayspor,Goalkeeper,False,0,0,0,0,0,0,0.0,0,0,0,0,0,0,0,0
M. Şengül,Mustafa,Şengül,24,1999-07-08,Türkiye,Türkiye,0,0,rizespor,Midfielder,False,0,0,0,0,0,0,0.0,0,0,0,0,0,0,0,0
H. Özdemir,Hamza,Özdemir,22,2001-05-15,Türkiye,Türkiye,0,0,alanyaspor,Defender,False,0,0,0,0,0,0,0.0,0,0,0,0,0,0,0,0
A. Kabak,Adem Eren,Kabak,23,2000-12-12,Türkiye,Türkiye,0,0,konyaspor,Defender,False,0,0,0,0,0,0,0.0,0,0,0,0,0,0,0,0
A. Arda,Alp,Arda,29,1995-06-07,Türkiye,Türkiye,0,0,i̇stanbulspor,Goalkeeper,False,17,17,1530,0,0,67,17.0,3,0,0,0,0,0,0,2
E. Erdem,Muhammet Enes,Erdem,24,1999-01-08,Türkiye,Türkiye,0,0,pendikspor,Attacker,False,0,0,0,0,0,0,0.0,0,0,0,0,0,0,0,0
E. Pehlivan,Muhammed Egemen,Pehlivan,24,2000-01-11,Türkiye,Türkiye,0,0,fatih karagumruk,Defender,False,0,0,0,0,0,0,0.0,0,0,0,0,0,0,0,0
B. Gürbüz,Berke,Gürbüz,21,2003-01-27,Türkiye,Türkiye,0,0,gazisehir gaziantep,Midfielder,False,0,0,0,0,0,0,0.0,0,0,0,0,0,0,0,0
A. Yiğiter,Abdullah,Yiğiter,23,2000-02-20,Türkiye,Türkiye,0,0,hatayspor,Goalkeeper,False,0,0,0,0,0,0,0.0,0,0,0,0,0,0,0,0
M. Erdilman,Mustafa,Erdilman,20,2004-01-01,Türkiye,Türkiye,0,0,antalyaspor,Midfielder,False,0,0,0,0,0,0,0.0,0,0,0,0,0,0,0,0
E. Gedikli,Emrehan,Gedikli,21,2003-04-25,Germany,Türkiye,0,0,i̇stanbulspor,Attacker,False,5,2,232,1,0,0,11.0,0,0,0,0,0,0,0,0
M. Baltacı,Metehan,Baltacı,22,2002-11-03,Türkiye,Türkiye,0,0,galatasaray,Defender,False,0,0,0,0,0,0,0.0,0,0,0,0,0,0,0,0
B. Balaban,Berk,Balaban,24,2000-01-01,Türkiye,Türkiye,0,0,galatasaray,Goalkeeper,False,0,0,0,0,0,0,0.0,0,0,0,0,0,0,0,0
E. Canpolat,Erdem,Canpolat,23,2001-04-13,Germany,Germany,0,0,pendikspor,Goalkeeper,False,28,28,2520,0,0,77,20.0,3,0,0,0,0,0,0,2
M. Cihan,Mirza,Cihan,24,2000-10-26,Türkiye,Türkiye,0,0,gazisehir gaziantep,Midfielder,False,6,1,116,0,0,0,3.0,0,0,0,0,0,0,0,0
B. Önde,Berke Doğukan,Önde,23,2000-03-18,Türkiye,Türkiye,0,0,hatayspor,Attacker,False,0,0,0,0,0,0,0.0,0,0,0,0,0,0,0,0
G. Yaméogo,Guy Serge Cédric,Yaméogo,23,2000-12-30,Côte d'Ivoire,Côte d'Ivoire,0,0,samsunspor,Defender,False,0,0,0,0,0,0,0.0,0,0,0,0,0,0,0,0
A. Sağat,Ahmet,Sağat,27,1996-05-27,Germany,Germany,0,0,samsunspor,Attacker,False,0,0,0,0,0,0,0.0,0,0,0,0,0,0,0,0
A. Kuyubaşı,Alperen,Kuyubaşı,24,2000-05-26,Türkiye,Türkiye,0,0,ankaragucu,Defender,False,1,0,0,0,0,0,0.0,0,0,0,0,0,0,0,0
Y. Poyrazlı,Yusuf Ensar,Poyrazlı,21,2002-07-31,Türkiye,Türkiye,0,0,samsunspor,Midfielder,False,0,0,0,0,0,0,0.0,0,0,0,0,0,0,0,0
M. Altıkulaç,Melih,Altıkulaç,21,2002-02-08,France,Türkiye,0,0,samsunspor,Defender,False,0,0,0,0,0,0,0.0,0,0,0,0,0,0,0,0
E. Bilsel,Ege,Bilsel,20,2004-01-04,Türkiye,Türkiye,0,0,antalyaspor,Attacker,False,3,1,60,0,0,0,5.0,1,0,0,0,0,0,0,0
A. Demirli,Ahmet Hakan,Demirli,24,2000-08-07,Türkiye,Türkiye,0,0,kasimpasa,Attacker,False,0,0,0,0,0,0,0.0,0,0,0,0,0,0,0,0
A. Arlı,Amir Emin,Arlı,20,2003-01-05,France,Türkiye,0,0,samsunspor,Midfielder,False,0,0,0,0,0,0,0.0,0,0,0,0,0,0,0,0
Ö. Şahan,Özcan,Şahan,25,1999-01-08,France,France,0,0,i̇stanbulspor,Attacker,False,10,1,163,0,0,0,9.0,2,0,0,0,0,0,0,0
H. Uyanıker,Hüseyin Mert,Uyanıker,24,2000-05-19,Türkiye,Türkiye,0,0,konyaspor,Midfielder,False,0,0,0,0,0,0,0.0,0,0,0,0,0,0,0,0
S. İmdat,Sıtkı Ferdi,İmdat,22,2001-10-05,Türkiye,Türkiye,0,0,ankaragucu,Attacker,False,0,0,0,0,0,0,0.0,0,0,0,0,0,0,0,0
F. Mankır,Fatih,Mankır,21,2002-08-20,Türkiye,Türkiye,0,0,konyaspor,Defender,False,0,0,0,0,0,0,0.0,0,0,0,0,0,0,0,0
S. Nas,İlhami Siraçhan,Nas,21,2002-06-20,Türkiye,Türkiye,0,0,galatasaray,Midfielder,False,0,0,0,0,0,0,0.0,0,0,0,0,0,0,0,0
Ş. Kaya,Şener,Kaya,20,2003-01-01,Türkiye,Türkiye,0,0,samsunspor,Midfielder,False,0,0,0,0,0,0,0.0,0,0,0,0,0,0,0,0
L. Stankovski,Luka,Stankovski,22,2002-09-02,North Macedonia,North Macedonia,0,0,gazisehir gaziantep,Midfielder,False,2,1,54,0,0,0,7.0,1,0,0,0,0,0,0,0
A. Çakar,Abdulkerim,Çakar,22,2001-04-14,Germany,Germany,0,0,gazisehir gaziantep,Attacker,False,0,0,0,0,0,0,0.0,0,0,0,0,0,0,0,0
S. Onur,Samed,Onur,22,2002-07-15,Germany,Türkiye,0,0,fatih karagumruk,Midfielder,False,5,0,14,0,0,0,1.0,1,0,0,0,0,0,0,0
O. Babuşcu,Onurhan,Babuşcu,21,2003-09-05,Austria,Austria,0,0,gazisehir gaziantep,Midfielder,False,0,0,0,0,0,0,0.0,0,0,0,0,0,0,0,0
M. Yiğit,Mervan Yusuf,Yiğit,23,2001-06-27,Türkiye,Türkiye,0,0,ankaragucu,Attacker,False,0,0,0,0,0,0,0.0,0,0,0,0,0,0,0,0
A. Aksoy,Aziz,Aksoy,23,2000-07-12,Türkiye,Türkiye,0,0,rizespor,Defender,False,0,0,0,0,0,0,0.0,0,0,0,0,0,0,0,0
M. Özdemir,Mesut,Özdemir,30,1993-06-14,Türkiye,Türkiye,0,0,pendikspor,Midfielder,False,0,0,0,0,0,0,0.0,0,0,0,0,0,0,0,0
D. Kaya,Doğukan,Kaya,24,2000-01-16,Türkiye,Türkiye,0,0,ankaragucu,Goalkeeper,False,0,0,0,0,0,0,0.0,0,0,0,0,0,0,0,0
İ. Yüksek,İsmail,Yüksek,25,1999-01-26,Türkiye,Türkiye,0,0,fenerbahce,Midfielder,False,27,24,2110,0,3,0,42.0,6,0,2,0,0,0,0,0
D. Kovačević,Denis,Kovačević,21,2002-12-12,Austria,Bosnia and Herzegovina,0,0,i̇stanbulspor,Defender,False,0,0,0,0,0,0,0.0,0,0,0,0,0,0,0,0
A. Feratovič,Amir,Feratovič,22,2002-06-08,Slovenia,Slovenia,0,0,adana demirspor,Defender,False,0,0,0,0,0,0,0.0,0,0,0,0,0,0,0,0
S. Nongoh,Samuel,Bakia Nongoh,20,2004-03-04,Cameroon,Cameroon,0,0,adana demirspor,Attacker,False,0,0,0,0,0,0,0.0,0,0,0,0,0,0,0,0
G. Khabuliani,Giorgi,Khabuliani,19,2004-03-25,Georgia,Georgia,0,0,adana demirspor,Attacker,False,0,0,0,0,0,0,0.0,0,0,0,0,0,0,0,0
Y. Özer,Yusuf Ali,Özer,22,2002-06-19,Türkiye,Türkiye,0,0,i̇stanbulspor,Midfielder,False,0,0,0,0,0,0,0.0,0,0,0,0,0,0,0,0
S. Poyraz,Serdar,Poyraz,19,2004-06-17,Türkiye,Türkiye,0,0,antalyaspor,Midfielder,False,0,0,0,0,0,0,0.0,0,0,0,0,0,0,0,0
B. Bulut,Buluthan,Bulut,22,2002-07-21,Türkiye,Türkiye,0,0,alanyaspor,Midfielder,False,0,0,0,0,0,0,0.0,0,0,0,0,0,0,0,0
V. Veliu,Valmir,Veliu,24,2000-06-04,Kosovo,Kosovo,0,0,gazisehir gaziantep,Attacker,False,3,0,25,0,0,0,3.0,0,0,0,0,0,0,0,0
J. Oosterwolde,Jayden,Quinn Oosterwolde,23,2001-04-26,Netherlands,Netherlands,0,0,fenerbahce,Defender,False,25,18,1756,0,0,0,30.0,8,0,0,0,0,0,0,0
S. Kavrazlı,Salih,Kavrazlı,22,2002-03-16,Türkiye,Türkiye,0,0,adana demirspor,Attacker,False,0,0,0,0,0,0,0.0,0,0,0,0,0,0,0,0
E. Yegen,Elano Lorenzo,Yegen,21,2002-10-08,Netherlands,Netherlands,0,0,samsunspor,Defender,False,0,0,0,0,0,0,0.0,0,0,0,0,0,0,0,0
E. Bilgin,Emre,Bilgin,20,2004-02-26,Türkiye,Türkiye,0,0,fatih karagumruk,Goalkeeper,False,9,9,810,0,0,27,19.0,0,0,0,0,0,0,0,1
B. Kuçkar,Baver,Kuçkar,21,2003-02-15,Türkiye,Türkiye,0,0,sivasspor,Goalkeeper,False,0,0,0,0,0,0,0.0,0,0,0,0,0,0,0,0
E. Şahin,Kubilay Eren,Şahin,22,2001-05-01,Türkiye,Türkiye,0,0,sivasspor,Attacker,False,0,0,0,0,0,0,0.0,0,0,0,0,0,0,0,0
O. Arı,Onur,Arı,23,2001-03-04,Türkiye,Türkiye,0,0,hatayspor,Attacker,False,3,0,10,0,0,0,2.0,0,0,0,0,0,0,0,0
A. Kaygısız,Ayberk,Kaygısız,19,2004-08-11,Türkiye,Türkiye,0,0,istanbul basaksehir,Defender,False,0,0,0,0,0,0,0.0,0,0,0,0,0,0,0,0
V. Temel,Vefa,Temel,22,2002-11-03,France,Türkiye,0,0,i̇stanbulspor,Midfielder,False,19,7,642,0,0,0,12.0,4,0,0,0,0,0,0,0
Ü. Durmuşhan,Ünal Emre,Durmuşhan,21,2003-10-20,Germany,Germany,0,0,hatayspor,Attacker,False,0,0,0,0,0,0,0.0,0,0,0,0,0,0,0,0
B. Küpelikılınç,Berkan,Küpelikılınç,20,2003-01-14,Germany,Germany,0,0,gazisehir gaziantep,Defender,False,0,0,0,0,0,0,0.0,0,0,0,0,0,0,0,0
Ö. Yiğiter,Özkan,Yiğiter,24,2000-01-07,Türkiye,Türkiye,0,0,sivasspor,Midfielder,False,0,0,0,0,0,0,0.0,0,0,0,0,0,0,0,0
S. Ekinci,Sarp,Ekinci,21,2002-05-22,Türkiye,Türkiye,0,0,samsunspor,Attacker,False,0,0,0,0,0,0,0.0,0,0,0,0,0,0,0,0
A. Güney,Ahmet Çağrı,Güney,20,2003-08-23,Türkiye,Türkiye,0,0,alanyaspor,Goalkeeper,False,0,0,0,0,0,0,0.0,0,0,0,0,0,0,0,0
E. Çavuş,Emirhan,Çavuş,22,2002-10-13,Türkiye,Türkiye,0,0,alanyaspor,Midfielder,False,0,0,0,0,0,0,0.0,0,0,0,0,0,0,0,0
A. Demirel,Ali Sühan,Demirel,21,2003-01-02,Germany,Türkiye,0,0,kasimpasa,Attacker,False,1,0,11,0,0,0,1.0,0,0,0,0,0,0,0,0
E. Delibaş,Emirhan,Delibaş,21,2003-01-01,Türkiye,Türkiye,0,0,besiktas,Midfielder,False,1,0,9,0,0,0,3.0,0,0,0,0,0,0,0,0
E. Uzun,Emrecan,Uzun,21,2002-01-29,Türkiye,Türkiye,0,0,adana demirspor,Midfielder,False,0,0,0,0,0,0,0.0,0,0,0,0,0,0,0,0
Y. Göktaş,Yusuf Eren,Göktaş,20,2004-06-23,Türkiye,Türkiye,0,0,ankaragucu,Defender,False,0,0,0,0,0,0,0.0,0,0,0,0,0,0,0,0
A. Karademir,Ahmet,Karademir,19,2004-04-02,Türkiye,Türkiye,0,0,konyaspor,Midfielder,False,0,0,0,0,0,0,0.0,0,0,0,0,0,0,0,0
B. Kalkan,Berat,Kalkan,21,2003-03-02,Türkiye,North Macedonia,0,0,kasimpasa,Midfielder,False,1,0,5,0,0,0,2.0,0,0,0,0,0,0,0,0
E. Ortakaya,Emir,Ortakaya,20,2004-06-22,Türkiye,Türkiye,0,0,fenerbahce,Defender,False,0,0,0,0,0,0,0.0,0,0,0,0,0,0,0,0
H. Yeşilyurt,Hasan Emre,Yeşilyurt,24,2000-08-18,Türkiye,Türkiye,0,0,kasimpasa,Midfielder,False,1,0,0,0,0,0,0.0,0,0,0,0,0,0,0,0
B. Sambou,Bouly Junior,Sambou,26,1998-12-01,Senegal,Senegal,0,0,konyaspor,Attacker,False,7,0,157,0,0,0,5.0,2,0,0,0,0,0,0,0
B. Gudjufi,Besar,Gudjufi,19,2004-05-29,North Macedonia,North Macedonia,0,0,besiktas,Midfielder,False,0,0,0,0,0,0,0.0,0,0,0,0,0,0,0,0
E. Bah,Elhadj Abdourahamane,Bah,22,2001-08-22,Guinea,Guinea,0,0,samsunspor,Attacker,False,0,0,0,0,0,0,0.0,0,0,0,0,0,0,0,0
L. Nicholas,Lawrence Anwan,Nicholas,23,2001-05-17,Nigeria,Nigeria,0,0,fatih karagumruk,Midfielder,False,3,0,19,0,0,0,2.0,0,0,0,0,0,0,0,0
D. Traoré,Djakaridja Junior,Traoré,26,1998-08-02,Côte d'Ivoire,Côte d'Ivoire,0,0,i̇stanbulspor,Attacker,False,13,5,418,1,0,0,5.0,1,0,0,0,0,0,0,0
F. Külekçi,Furkan,Külekçi,22,2001-06-28,Türkiye,Türkiye,0,0,kasimpasa,Attacker,False,0,0,0,0,0,0,0.0,0,0,0,0,0,0,0,0
A. Malatyalı,Ahmet Kağan,Malatyalı,21,2003-07-10,Türkiye,Türkiye,0,0,kayserispor,Defender,False,1,0,7,0,0,0,8.0,0,0,0,0,0,0,0,0
Y. Kefeli,Yunus Emre,Kefeli,20,2004-05-07,Türkiye,Türkiye,0,0,pendikspor,Midfielder,False,0,0,0,0,0,0,0.0,0,0,0,0,0,0,0,0
U. Semizoğlu,Uğur Can,Semizoğlu,22,2001-06-08,Türkiye,Türkiye,0,0,rizespor,Midfielder,False,0,0,0,0,0,0,0.0,0,0,0,0,0,0,0,0
E. Tetah,El Mami,Tetah,22,2001-11-12,Mauritania,Mauritania,0,0,alanyaspor,Attacker,False,0,0,0,0,0,0,0.0,0,0,0,0,0,0,0,0
A. Kılıç,Ali,Kılıç,19,2004-03-11,Türkiye,Türkiye,0,0,samsunspor,Attacker,False,0,0,0,0,0,0,0.0,0,0,0,0,0,0,0,0
F. Doğan,Furkan Mehmet,Doğan,22,2001-11-22,Türkiye,Türkiye,0,0,pendikspor,Defender,False,0,0,0,0,0,0,0.0,0,0,0,0,0,0,0,0
A. Uzun,Muhammed Arda,Uzun,18,2005-04-24,Türkiye,Türkiye,0,0,alanyaspor,Attacker,False,0,0,0,0,0,0,0.0,0,0,0,0,0,0,0,0
R. Owusu,Raymond,Frimpong Owusu,21,2002-04-20,Ghana,Ghana,0,0,i̇stanbulspor,Attacker,False,0,0,0,0,0,0,0.0,0,0,0,0,0,0,0,0
Y. Gürol,Yücel,Gürol,18,2005-05-30,Türkiye,Türkiye,0,0,adana demirspor,Defender,False,0,0,0,0,0,0,0.0,0,0,0,0,0,0,0,0
F. Shehu,Florent,Shehu,22,2002-05-17,France,Switzerland,0,0,adana demirspor,Midfielder,False,1,0,3,0,0,0,2.0,0,0,0,0,0,0,0,0
T. Çukur,Tiago Süer Barbaros,Çukur,22,2002-11-30,Netherlands,Türkiye,0,0,fenerbahce,Attacker,False,0,0,0,0,0,0,0.0,0,0,0,0,0,0,0,0
Sergen Batın Kiradi,Sergen Batın,Kiradi,18,2005-01-01,Türkiye,Türkiye,0,0,adana demirspor,Midfielder,False,0,0,0,0,0,0,0.0,0,0,0,0,0,0,0,0
A. Özdemir,Atakan Mert,Özdemir,19,2004-07-19,Türkiye,Türkiye,0,0,samsunspor,Midfielder,False,0,0,0,0,0,0,0.0,0,0,0,0,0,0,0,0
O. Yılmaz,Oğuzhan Efe,Yılmaz,21,2003-06-17,Türkiye,Türkiye,0,0,kasimpasa,Midfielder,False,0,0,0,0,0,0,0.0,0,0,0,0,0,0,0,0
K. Çinkaya,Kaan,Çinkaya,19,2004-01-06,Türkiye,Türkiye,0,0,ankaragucu,Goalkeeper,False,0,0,0,0,0,0,0.0,0,0,0,0,0,0,0,0
E. Karaal,Metin Emre,Karaal,20,2003-01-15,Türkiye,Türkiye,0,0,istanbul basaksehir,Midfielder,False,0,0,0,0,0,0,0.0,0,0,0,0,0,0,0,0
B. Gölgeli,Bahadır,Gölgeli,21,2003-07-01,Türkiye,Türkiye,0,0,gazisehir gaziantep,Midfielder,False,0,0,0,0,0,0,0.0,0,0,0,0,0,0,0,0
T. Kemendi,Taha Veysel,Kemendi,20,2003-05-10,Türkiye,Türkiye,0,0,kasimpasa,Defender,False,0,0,0,0,0,0,0.0,0,0,0,0,0,0,0,0
E. Aydın,Eyüp,Aydın,20,2004-08-02,Germany,Türkiye,0,0,galatasaray,Midfielder,False,9,0,36,0,1,0,4.0,0,0,0,0,0,0,0,0
R. Özkanlı,Hacı Ramazan,Özkanlı,20,2003-01-25,Türkiye,Türkiye,0,0,kasimpasa,Goalkeeper,False,0,0,0,0,0,0,0.0,0,0,0,0,0,0,0,0
J. Yılmaz,Jankat,Yılmaz,20,2004-08-16,Türkiye,Türkiye,0,0,galatasaray,Goalkeeper,False,0,0,0,0,0,0,0.0,0,0,0,0,0,0,0,0
M. Demirci,Mehmet,Demirci,21,2002-03-18,Türkiye,Türkiye,0,0,fatih karagumruk,Goalkeeper,False,0,0,0,0,0,0,0.0,0,0,0,0,0,0,0,0
E. Yazıcı,Emir,Yazıcı,21,2002-06-24,Türkiye,Türkiye,0,0,fatih karagumruk,Defender,False,0,0,0,0,0,0,0.0,0,0,0,0,0,0,0,0
Ö. Gümüş,Ömer Faruk,Gümüş,21,2003-07-07,Türkiye,Türkiye,0,0,fatih karagumruk,Midfielder,False,0,0,0,0,0,0,0.0,0,0,0,0,0,0,0,0
A. Kurtulan,Arda Okan,Kurtulan,21,2002-11-19,Türkiye,North Macedonia,0,0,adana demirspor,Attacker,False,0,0,0,0,0,0,0.0,0,0,0,0,0,0,0,0
P. Yaldır,Polat,Yaldır,20,2003-05-17,Türkiye,Türkiye,0,0,samsunspor,Attacker,False,0,0,0,0,0,0,0.0,0,0,0,0,0,0,0,0
S. Altıkulaç,Semih,Altıkulaç,21,2002-02-08,France,Türkiye,0,0,samsunspor,Midfielder,False,0,0,0,0,0,0,0.0,0,0,0,0,0,0,0,0
A. Demir,Ali Taha,Demir,18,2005-04-22,Türkiye,Türkiye,0,0,samsunspor,Goalkeeper,False,0,0,0,0,0,0,0.0,0,0,0,0,0,0,0,0
İ. Zehir,İsmail,Zehir,21,2003-06-29,Türkiye,Türkiye,0,0,alanyaspor,Midfielder,False,0,0,0,0,0,0,0.0,0,0,0,0,0,0,0,0
M. Ologo,Inainfe Michael,Ologo,20,2003-04-05,Nigeria,Nigeria,0,0,i̇stanbulspor,Defender,False,0,0,0,0,0,0,0.0,0,0,0,0,0,0,0,0
T. Şamdanlı,Tunahan,Şamdanlı,19,2005-03-18,Türkiye,Türkiye,0,0,i̇stanbulspor,Midfielder,False,3,0,45,0,0,0,9.0,0,0,0,0,0,0,0,0
K. Yağcı,Koray,Yağcı,20,2003-02-19,Türkiye,Türkiye,0,0,hatayspor,Attacker,False,0,0,0,0,0,0,0.0,0,0,0,0,0,0,0,0
S. Kılıçsoy,Semih,Kılıçsoy,19,2005-08-15,Türkiye,Türkiye,0,0,besiktas,Attacker,False,18,15,1267,9,2,0,9.0,3,0,0,0,0,0,0,0
N. Bilgiç,Necati,Bilgiç,19,2004-03-08,Türkiye,Türkiye,0,0,besiktas,Midfielder,False,0,0,0,0,0,0,0.0,0,0,0,0,0,0,0,0
A. Demir,Cemal Azad,Demir,19,2004-02-17,Türkiye,Türkiye,0,0,besiktas,Attacker,False,0,0,0,0,0,0,0.0,0,0,0,0,0,0,0,0
B. Vardar,Berkay,Vardar,21,2003-01-14,Türkiye,Türkiye,0,0,besiktas,Midfielder,False,0,0,0,0,0,0,0.0,0,0,0,0,0,0,0,0
B. Yıldız,Burak Selver,Yıldız,19,2004-02-09,Türkiye,Türkiye,0,0,besiktas,Defender,False,0,0,0,0,0,0,0.0,0,0,0,0,0,0,0,0
H. Jaganjac,Hamza,Jaganjac,20,2004-02-27,Bosnia and Herzegovina,Bosnia and Herzegovina,0,0,adana demirspor,Attacker,False,0,0,0,0,0,0,0.0,0,0,0,0,0,0,0,0
R. Aksoy,Ruhan Arda,Aksoy,20,2003-03-31,Türkiye,Türkiye,0,0,pendikspor,Defender,False,0,0,0,0,0,0,0.0,0,0,0,0,0,0,0,0
E. Zaman,Emirhan,Zaman,20,2003-05-19,Türkiye,Türkiye,0,0,trabzonspor,Midfielder,False,0,0,0,0,0,0,0.0,0,0,0,0,0,0,0,0
M. Tekke,Muhammet Berkay,Tekke,21,2003-06-05,Türkiye,Türkiye,0,0,i̇stanbulspor,Attacker,False,1,0,0,0,0,0,1.0,0,0,0,0,0,0,0,0
E. Kayar,Emirhan,Kayar,19,2005-05-12,Türkiye,Türkiye,0,0,galatasaray,Midfielder,False,0,0,0,0,0,0,0.0,0,0,0,0,0,0,0,0
A. Bülbül,Ali Turap,Bülbül,19,2005-01-25,Türkiye,Türkiye,0,0,galatasaray,Defender,False,3,1,96,0,0,0,12.0,0,0,0,0,0,0,0,0
A. Yeşilyurt,Ali,Yeşilyurt,19,2005-07-30,Türkiye,Türkiye,0,0,galatasaray,Defender,False,0,0,0,0,0,0,0.0,0,0,0,0,0,0,0,0
F. Paoletti,Flavio,Paoletti,21,2003-01-16,Italy,Italy,0,0,fatih karagumruk,Midfielder,False,14,5,564,0,1,0,15.0,2,0,0,0,0,0,0,0
E. Sayhan,Efe,Sayhan,19,2005-01-01,Türkiye,Türkiye,0,0,pendikspor,Midfielder,False,1,0,3,0,0,0,1.0,0,0,0,0,0,0,0,0
H. Kırıkcı,Hüseyincan,Kırıkcı,19,2004-03-09,Türkiye,Türkiye,0,0,rizespor,Midfielder,False,0,0,0,0,0,0,0.0,0,0,0,0,0,0,0,0
M. Ergin,Muhammed Emin,Ergin,22,2001-04-24,Türkiye,Türkiye,0,0,sivasspor,Midfielder,False,0,0,0,0,0,0,0.0,0,0,0,0,0,0,0,0
M. Koç,Musa,Koç,19,2004-09-07,Türkiye,Türkiye,0,0,alanyaspor,Goalkeeper,False,0,0,0,0,0,0,0.0,0,0,0,0,0,0,0,0
A. Kumru,Arda,Kumru,18,2005-07-05,Türkiye,Türkiye,0,0,ankaragucu,Attacker,False,0,0,0,0,0,0,0.0,0,0,0,0,0,0,0,0
E. Berberoğlu,Eren,Berberoğlu,21,2003-03-06,Türkiye,Türkiye,0,0,alanyaspor,Defender,False,0,0,0,0,0,0,0.0,0,0,0,0,0,0,0,0
M. Serbest,Mücahit,Serbest,20,2004-11-23,Türkiye,Türkiye,0,0,i̇stanbulspor,Goalkeeper,False,0,0,0,0,0,0,0.0,0,0,0,0,0,0,0,1
H. Erkip,Hayrullah,Erkip,21,2003-06-20,Türkiye,Türkiye,0,0,kayserispor,Midfielder,False,4,0,61,0,0,0,3.0,0,0,0,0,0,0,0,0
Z. Kayalı,Zeki Furkan,Kayalı,20,2003-08-17,Türkiye,Türkiye,0,0,rizespor,Goalkeeper,False,0,0,0,0,0,0,0.0,0,0,0,0,0,0,0,0
B. Ateşyakan,Berkay,Ateşyakan,20,2003-05-31,Türkiye,Türkiye,0,0,ankaragucu,Midfielder,False,0,0,0,0,0,0,0.0,0,0,0,0,0,0,0,0
F. Ceylan,Furkan,Ceylan,20,2003-01-01,Türkiye,Türkiye,0,0,ankaragucu,Attacker,False,0,0,0,0,0,0,0.0,0,0,0,0,0,0,0,0
B. Aydınlık,Bora,Aydınlık,18,2005-05-09,USA,Türkiye,0,0,fenerbahce,Midfielder,False,0,0,0,0,0,0,0.0,0,0,0,0,0,0,0,0
S. Bangoura,Sékou Tidiany,Bangoura,22,2002-04-05,Guinea,Guinea,0,0,istanbul basaksehir,Midfielder,False,0,0,0,0,0,0,0.0,0,0,0,0,0,0,0,0
B. Sarka,Baran,Sarka,22,2001-06-11,Netherlands,Netherlands,0,0,hatayspor,Midfielder,False,0,0,0,0,0,0,0.0,0,0,0,0,0,0,0,0
İ. Demir,İbrahim,Demir,19,2005-07-01,Türkiye,Türkiye,0,0,hatayspor,Midfielder,False,0,0,0,0,0,0,0.0,0,0,0,0,0,0,0,0
E. Tintiş,Emir,Tintiş,20,2004-01-12,Türkiye,Türkiye,0,0,fatih karagumruk,Defender,False,3,0,57,0,0,0,4.0,0,0,0,0,0,0,0,0
H. Akman,Hamza Yiğit,Akman,20,2004-09-27,Türkiye,Türkiye,0,0,galatasaray,Midfielder,False,0,0,0,0,0,0,0.0,0,0,0,0,0,0,0,0
B. Aksaka,Özgür Baran,Aksaka,21,2003-01-29,Türkiye,Türkiye,0,0,galatasaray,Midfielder,False,0,0,0,0,0,0,0.0,0,0,0,0,0,0,0,0
Y. Demir,Yiğit Efe,Demir,20,2004-08-02,Türkiye,Türkiye,0,0,fenerbahce,Defender,False,0,0,0,0,0,0,0.0,0,0,0,0,0,0,0,0
Jo Jin-Ho,Jin-Ho,Jo,21,2003-07-10,Korea Republic,Korea Republic,0,0,fenerbahce,Midfielder,False,0,0,0,0,0,0,0.0,0,0,0,0,0,0,0,0
Y. Kocatürk,Yusuf,Kocatürk,20,2004-07-27,Türkiye,Türkiye,0,0,fenerbahce,Midfielder,False,0,0,0,0,0,0,0.0,0,0,0,0,0,0,0,0
U. Keçeci,Umut Yaşar,Keçeci,19,2004-02-11,Türkiye,Türkiye,0,0,pendikspor,Attacker,False,0,0,0,0,0,0,0.0,0,0,0,0,0,0,0,0
H. Bağcı,Halil,Bağcı,21,2003-04-04,Türkiye,Türkiye,0,0,gazisehir gaziantep,Goalkeeper,False,0,0,0,0,0,0,0.0,0,0,0,0,0,0,0,0
Ü. Akdağ,Ümit,Akdağ,20,2003-10-06,Romania,Romania,0,0,alanyaspor,Midfielder,False,0,0,0,0,0,0,0.0,0,0,0,0,0,0,0,0
Y. Şentürk,Yunus Emre,Şentürk,20,2003-05-05,Türkiye,Türkiye,0,0,kasimpasa,Goalkeeper,False,0,0,0,0,0,0,0.0,0,0,0,0,0,0,0,0
E. Tak,Emirhan,Tak,20,2003-04-10,Türkiye,Türkiye,0,0,sivasspor,Defender,False,0,0,0,0,0,0,0.0,0,0,0,0,0,0,0,0
K. Onaran,Kaan,Onaran,20,2004-01-01,Türkiye,Türkiye,0,0,sivasspor,Midfielder,False,0,0,0,0,0,0,0.0,0,0,0,0,0,0,0,0
E. Balcı,Ethem,Balcı,21,2003-06-17,Türkiye,Türkiye,0,0,kayserispor,Attacker,False,0,0,0,0,0,0,0.0,0,0,0,0,0,0,0,0
F. Akyüz,Furkan Onur,Akyüz,19,2005-09-21,Türkiye,Türkiye,0,0,fenerbahce,Goalkeeper,False,0,0,0,0,0,0,0.0,0,0,0,0,0,0,0,1
M. Kartal,Mustafa Arda,Kartal,19,2004-12-02,Türkiye,Türkiye,0,0,alanyaspor,Defender,False,0,0,0,0,0,0,0.0,0,0,0,0,0,0,0,0
H. Boyacı,Hıjran Alı,Boyacı,18,2005-01-11,Canada,Türkiye,0,0,adana demirspor,Midfielder,False,0,0,0,0,0,0,0.0,0,0,0,0,0,0,0,0
E. Akman,Efe,Akman,18,2006-03-20,Türkiye,Türkiye,0,0,galatasaray,Midfielder,False,1,0,0,0,0,0,1.0,0,0,0,0,0,0,0,0
Eren Çakır,Eren,Çakır,19,2004-02-18,Germany,Germany,0,0,gazisehir gaziantep,Midfielder,False,0,0,0,0,0,0,0.0,0,0,0,0,0,0,0,0
M. Kuzucu,Mehmet,Kuzucu,21,2003-09-20,Türkiye,Türkiye,0,0,gazisehir gaziantep,Midfielder,False,0,0,0,0,0,0,0.0,0,0,0,0,0,0,0,0
F. Kurnaz,Mehmet Fatih,Kurnaz,22,2001-07-11,Türkiye,Türkiye,0,0,fatih karagumruk,Midfielder,False,0,0,0,0,0,0,0.0,0,0,0,0,0,0,0,0
B. Kahraman,Bedirhan,Kahraman,20,2003-01-01,Türkiye,Türkiye,0,0,alanyaspor,Midfielder,False,0,0,0,0,0,0,0.0,0,0,0,0,0,0,0,0
A. Aydın,Anıl Batın,Aydın,20,2003-01-09,Türkiye,Türkiye,0,0,sivasspor,Defender,False,0,0,0,0,0,0,0.0,0,0,0,0,0,0,0,0
İ. Çam,İbrahim,Çam,20,2003-01-01,Türkiye,Türkiye,0,0,sivasspor,Midfielder,False,0,0,0,0,0,0,0.0,0,0,0,0,0,0,0,0
Y. Erataman,Yağız Efe,Erataman,19,2005-08-18,Türkiye,Türkiye,0,0,istanbul basaksehir,Goalkeeper,False,0,0,0,0,0,0,0.0,0,0,0,0,0,0,0,0
Omar Fayed,Omar,Fayed Abdelwahab El Rakhawy,20,2003-07-04,Egypt,Egypt,0,0,fenerbahce,Defender,False,0,0,0,0,0,0,0.0,0,0,0,0,0,0,0,0
E. Bulut,Emrecan,Bulut,22,2002-11-26,Türkiye,Türkiye,0,0,besiktas,Attacker,False,0,0,0,0,0,0,0.0,0,0,0,0,0,0,0,0
E. Güneş,Eray,Güneş,21,2003-09-04,Türkiye,Türkiye,0,0,alanyaspor,Defender,False,0,0,0,0,0,0,0.0,0,0,0,0,0,0,0,0
E. Ezen,Emre,Ezen,19,2004-09-26,Türkiye,Türkiye,0,0,rizespor,Goalkeeper,False,0,0,0,0,0,0,0.0,0,0,0,0,0,0,0,0
B. Demiroğlu,Baran,Demiroğlu,19,2005-05-02,Türkiye,Türkiye,0,0,galatasaray,Attacker,False,2,0,15,0,0,0,3.0,0,0,0,0,0,0,0,0
C. Doğan,Caner,Doğan,20,2004-02-23,Türkiye,Türkiye,0,0,galatasaray,Defender,False,0,0,0,0,0,0,0.0,0,0,0,0,0,0,0,0
A. Ordu,Atakan Nuri,Ordu,19,2005-03-29,Türkiye,Türkiye,0,0,galatasaray,Goalkeeper,False,0,0,0,0,0,0,0.0,0,0,0,0,0,0,0,0
B. Kırtaş,Bartu,Kırtaş,20,2004-01-29,Türkiye,Türkiye,0,0,i̇stanbulspor,Defender,False,0,0,0,0,0,0,0.0,0,0,0,0,0,0,0,0
M. Gürlek,Mevlüt Emir,Gürlek,18,2005-08-20,Türkiye,Türkiye,0,0,antalyaspor,Defender,False,0,0,0,0,0,0,0.0,0,0,0,0,0,0,0,0
A. Keskin,Ali İhsan,Keskin,19,2004-07-17,Türkiye,Türkiye,0,0,i̇stanbulspor,Defender,False,0,0,0,0,0,0,0.0,0,0,0,0,0,0,0,0
Y. Erata,Yusuf,Erata,17,2007-01-06,Türkiye,Türkiye,0,0,pendikspor,Midfielder,False,0,0,0,0,0,0,0.0,0,0,0,0,0,0,0,0
E. Çiçek,Emircan,Çiçek,17,2007-04-08,Türkiye,Türkiye,0,0,pendikspor,Attacker,False,0,0,0,0,0,0,0.0,0,0,0,0,0,0,0,0
S. Atmaca,Sirac Bera,Atmaca,18,2005-01-04,Türkiye,Türkiye,0,0,pendikspor,Attacker,False,0,0,0,0,0,0,0.0,0,0,0,0,0,0,0,0
E. Yılmaz,Emirhan,Yılmaz,20,2004-04-22,Türkiye,Türkiye,0,0,rizespor,Attacker,False,0,0,0,0,0,0,0.0,0,0,0,0,0,0,0,0
O. Çevikkan,Onuralp,Çevikkan,18,2006-01-02,Türkiye,Türkiye,0,0,trabzonspor,Goalkeeper,False,0,0,0,0,0,0,0.0,0,0,0,0,0,0,0,0
E. Arkutcu,Emirhan,Arkutcu,18,2006-01-14,Türkiye,Türkiye,0,0,fenerbahce,Midfielder,False,0,0,0,0,0,0,0.0,0,0,0,0,0,0,0,0
S. Sargın,Samet Seymen,Sargın,18,2006-04-01,Türkiye,Türkiye,0,0,fenerbahce,Midfielder,False,0,0,0,0,0,0,0.0,0,0,0,0,0,0,0,0
E. Yaşar,Emir,Yaşar,17,2006-01-16,Türkiye,Türkiye,0,0,besiktas,Goalkeeper,False,0,0,0,0,0,0,0.0,0,0,0,0,0,0,0,0
G. Gürpüz,Gökdeniz,Gürpüz,18,2006-02-25,Germany,Türkiye,0,0,galatasaray,Midfielder,False,0,0,0,0,0,0,0.0,0,0,0,0,0,0,0,0
N. Eriş,Nihat,Eriş,19,2004-08-12,Türkiye,Türkiye,0,0,kasimpasa,Defender,False,0,0,0,0,0,0,0.0,0,0,0,0,0,0,0,0
E. Aydın,Eren Emre,Aydın,20,2004-08-20,Türkiye,Türkiye,0,0,rizespor,Defender,False,0,0,0,0,0,0,0.0,0,0,0,0,0,0,0,0
M. Şebelek,Muhammet Enes,Şebelek,19,2005-09-07,Türkiye,Türkiye,0,0,rizespor,Attacker,False,0,0,0,0,0,0,0.0,0,0,0,0,0,0,0,0
H. Özbakır,Habil,Özbakır,18,2005-02-06,Türkiye,Türkiye,0,0,rizespor,Defender,False,0,0,0,0,0,0,0.0,0,0,0,0,0,0,0,0
E. Emre,Eren,Emre,19,2004-08-20,Türkiye,Türkiye,0,0,rizespor,Midfielder,False,0,0,0,0,0,0,0.0,0,0,0,0,0,0,0,0
Y. Yıldız,Yunus Emre,Yıldız,18,2005-05-25,Türkiye,Türkiye,0,0,samsunspor,Attacker,False,0,0,0,0,0,0,0.0,0,0,0,0,0,0,0,0
E. Sarıalioğlu,Enver Azmi,Sarıalioğlu,20,2004-06-25,Türkiye,Türkiye,0,0,i̇stanbulspor,Midfielder,False,0,0,0,0,0,0,0.0,0,0,0,0,0,0,0,0
D. Demir,Muhammet Doğukan,Demir,18,2006-01-17,Türkiye,Türkiye,0,0,fenerbahce,Goalkeeper,False,0,0,0,0,0,0,0.0,0,0,0,0,0,0,0,0
A. Öztürk,Ata,Öztürk,20,2003-01-23,Türkiye,Türkiye,0,0,adana demirspor,Defender,False,0,0,0,0,0,0,0.0,0,0,0,0,0,0,0,0
E. Kaya,Eren,Kaya,20,2004-03-27,Türkiye,Türkiye,0,0,sivasspor,Attacker,False,2,0,5,0,0,0,1.0,0,0,0,0,0,0,0,0
A. Yılmaz,Emirhan Alperen,Yılmaz,18,2005-07-29,Türkiye,Türkiye,0,0,antalyaspor,Attacker,False,0,0,0,0,0,0,0.0,0,0,0,0,0,0,0,0
M. Dinç,Mert,Dinç,18,2005-03-17,Türkiye,Türkiye,0,0,kayserispor,Defender,False,0,0,0,0,0,0,0.0,0,0,0,0,0,0,0,0
B. Şentürk,Bilal Musa,Şentürk,19,2004-04-19,Türkiye,Türkiye,0,0,istanbul basaksehir,Midfielder,False,0,0,0,0,0,0,0.0,0,0,0,0,0,0,0,0
M. Dursun,Muhammed Mert,Dursun,20,2004-11-30,Türkiye,Türkiye,0,0,sivasspor,Attacker,False,0,0,0,0,0,0,0.0,0,0,0,0,0,0,0,0
A. Yıldız,Ali,Yıldız,17,2007-03-12,Türkiye,Türkiye,0,0,pendikspor,Attacker,False,0,0,0,0,0,0,0.0,0,0,0,0,0,0,0,0
E. Kocakahya,Erkin,Kocakahya,19,2004-03-23,Türkiye,Türkiye,0,0,antalyaspor,Defender,False,0,0,0,0,0,0,0.0,0,0,0,0,0,0,0,0
E. Yamaç,Enginalp,Yamaç,19,2004-09-01,Türkiye,Türkiye,0,0,antalyaspor,Midfielder,False,0,0,0,0,0,0,0.0,0,0,0,0,0,0,0,0
U. Toy,Umut Mert,Toy,20,2004-05-08,Türkiye,Türkiye,0,0,pendikspor,Defender,False,0,0,0,0,0,0,0.0,0,0,0,0,0,0,0,0
Ç. Şendur,Çağdaş,Şendur,20,2004-07-05,Türkiye,Türkiye,0,0,konyaspor,Midfielder,False,0,0,0,0,0,0,0.0,0,0,0,0,0,0,0,0
A. Aydın,Ahmet Necat,Aydın,19,2005-05-05,Türkiye,Türkiye,0,0,fenerbahce,Defender,False,0,0,0,0,0,0,0.0,0,0,0,0,0,0,0,0
Y. Akçiçek,Yusuf,Akçiçek,18,2006-01-25,Türkiye,Türkiye,0,0,fenerbahce,Defender,False,0,0,0,0,0,0,0.0,0,0,0,0,0,0,0,0
M. İmre,Muhammet,İmre,19,2005-01-24,Türkiye,Türkiye,0,0,fenerbahce,Midfielder,False,0,0,0,0,0,0,0.0,0,0,0,0,0,0,0,0
Ç. Fedai,Çağrı,Fedai,18,2006-03-30,Türkiye,Türkiye,0,0,fenerbahce,Attacker,False,0,0,0,0,0,0,0.0,0,0,0,0,0,0,0,0
K. Akyazı,Kaan,Akyazı,19,2005-08-27,Türkiye,Türkiye,0,0,fenerbahce,Midfielder,False,0,0,0,0,0,0,0.0,0,0,0,0,0,0,0,0
E. Karayazı,Efekan,Karayazı,19,2005-04-06,Austria,Austria,0,0,fenerbahce,Midfielder,False,0,0,0,0,0,0,0.0,0,0,0,0,0,0,0,0
O. İnan,Onur,İnan,18,2005-07-14,Türkiye,Türkiye,0,0,istanbul basaksehir,Midfielder,False,0,0,0,0,0,0,0.0,0,0,0,0,0,0,0,0
B. Çelik,Berke,Çelik,19,2004-01-12,Türkiye,Türkiye,0,0,alanyaspor,Midfielder,False,0,0,0,0,0,0,0.0,0,0,0,0,0,0,0,0
K. Gündoğdu,Kadir Can,Gündoğdu,20,2003-08-31,Germany,Germany,0,0,alanyaspor,Attacker,False,0,0,0,0,0,0,0.0,0,0,0,0,0,0,0,0
İ. Çiçek,İbrahim Yılmaz,Çiçek,17,2006-09-17,Türkiye,Türkiye,0,0,ankaragucu,Midfielder,False,0,0,0,0,0,0,0.0,0,0,0,0,0,0,0,0
A. Karababa,Ata Berk,Karababa,19,2005-03-26,Türkiye,Türkiye,0,0,konyaspor,Midfielder,False,0,0,0,0,0,0,0.0,0,0,0,0,0,0,0,0
M. Güney,Melih,Güney,19,2005-05-08,Türkiye,Türkiye,0,0,pendikspor,Midfielder,False,0,0,0,0,0,0,0.0,0,0,0,0,0,0,0,0
E. Sarıgül,Muhammed Emin,Sarıgül,18,2005-07-12,Netherlands,Netherlands,0,0,alanyaspor,Midfielder,False,0,0,0,0,0,0,0.0,0,0,0,0,0,0,0,0
A. Ekinci,Arel,Ekinci,20,2004-07-11,Germany,Germany,0,0,hatayspor,Goalkeeper,False,0,0,0,0,0,0,0.0,0,0,0,0,0,0,0,0
O. Başyiğit,Muhammet Onur,Başyiğit,20,2004-06-12,Türkiye,Türkiye,0,0,gazisehir gaziantep,Defender,False,0,0,0,0,0,0,0.0,0,0,0,0,0,0,0,0
A. Altındaş,Ahmet Eren,Altındaş,18,2005-04-25,Türkiye,Türkiye,0,0,rizespor,Attacker,False,0,0,0,0,0,0,0.0,0,0,0,0,0,0,0,0
M. Eser,Murat Uğur,Eser,19,2005-06-04,Türkiye,Türkiye,0,0,i̇stanbulspor,Goalkeeper,False,0,0,0,0,0,0,0.0,0,0,0,0,0,0,0,0
G. Kara,Gökdeniz,Kara,20,2004-01-03,Türkiye,Türkiye,0,0,pendikspor,Midfielder,False,0,0,0,0,0,0,0.0,0,0,0,0,0,0,0,0
A. Kılınç,Alp Efe,Kılınç,20,2004-04-15,Türkiye,Türkiye,0,0,kasimpasa,Attacker,False,0,0,0,0,0,0,0.0,0,0,0,0,0,0,0,0
K. Yandal,Kerem,Yandal,18,2006-05-09,Türkiye,Türkiye,0,0,fatih karagumruk,Goalkeeper,False,0,0,0,0,0,0,0.0,0,0,0,0,0,0,0,0
A. Tuğyan,Ahmet Tarık,Tuğyan,20,2004-08-14,Türkiye,Türkiye,0,0,fatih karagumruk,Attacker,False,0,0,0,0,0,0,0.0,0,0,0,0,0,0,0,0
E. Çalık,Erdem,Çalık,18,2006-06-05,Türkiye,Türkiye,0,0,pendikspor,Midfielder,False,0,0,0,0,0,0,0.0,0,0,0,0,0,0,0,0
Ö. Camcı,Ömer Bircan,Camcı,17,2007-02-01,Germany,Türkiye,0,0,fenerbahce,Goalkeeper,False,0,0,0,0,0,0,0.0,0,0,0,0,0,0,0,0
E. Şan,Eren Arda,Şan,18,2006-06-20,Türkiye,Türkiye,0,0,i̇stanbulspor,Attacker,False,4,0,22,0,0,0,1.0,0,0,0,0,0,0,0,0
Z. Dursun,Zeki,Dursun,18,2006-03-17,Türkiye,Türkiye,0,0,fenerbahce,Midfielder,False,0,0,0,0,0,0,0.0,0,0,0,0,0,0,0,0
B. Vardar,Baran Alp,Vardar,19,2005-06-02,Türkiye,Türkiye,0,0,i̇stanbulspor,Defender,False,0,0,0,0,0,0,0.0,0,0,0,0,0,0,0,0
E. Vuruşaner,Emir Mustafa,Vuruşaner,19,2005-04-08,Türkiye,Türkiye,0,0,i̇stanbulspor,Defender,False,1,0,2,0,0,0,0.0,0,0,0,0,0,0,0,0
M. Akyıldız,Mustafa Emir,Akyıldız,18,2006-03-23,Türkiye,Türkiye,0,0,fenerbahce,Midfielder,False,0,0,0,0,0,0,0.0,0,0,0,0,0,0,0,0
Ü. Okan,Ümitcan,Okan,18,2006-02-24,Türkiye,Türkiye,0,0,fenerbahce,Defender,False,0,0,0,0,0,0,0.0,0,0,0,0,0,0,0,0
G. Demirel,Görkem İbrahim,Demirel,18,2006-04-04,Türkiye,Türkiye,0,0,fenerbahce,Attacker,False,0,0,0,0,0,0,0.0,0,0,0,0,0,0,0,0
K. Kayaarası,Kerem,Kayaarası,18,2006-03-18,Türkiye,Türkiye,0,0,fenerbahce,Attacker,False,0,0,0,0,0,0,0.0,0,0,0,0,0,0,0,0
M. Gülerer,Mehmet Can,Gülerer,19,2005-05-29,Türkiye,Türkiye,0,0,fenerbahce,Defender,False,0,0,0,0,0,0,0.0,0,0,0,0,0,0,0,0
Y. Epözdemir,Yiğit,Epözdemir,19,2005-04-04,Türkiye,Türkiye,0,0,fenerbahce,Defender,False,0,0,0,0,0,0,0.0,0,0,0,0,0,0,0,0
Baraa Kaya,Baraa,Kaya,20,2004-01-01,Syria,Syria,0,0,i̇stanbulspor,Midfielder,False,0,0,0,0,0,0,0.0,0,0,0,0,0,0,0,0
Y. Boloğlu,Yiğit,Boloğlu,19,2005-06-02,Türkiye,Türkiye,0,0,i̇stanbulspor,Goalkeeper,False,0,0,0,0,0,0,0.0,0,0,0,0,0,0,0,0
